product_id,product_name,category,price
1,Product_1,Beauty,231.55
2,Product_2,Beauty,557.31
3,Product_3,Fashion,287.68
4,Product_4,Electronics,1356.63
5,Product_5,Books,183.01
6,Product_6,Sports,73.25
7,Product_7,Electronics,445.09
8,Product_8,Books,1208.02
9,Product_9,Books,405.69
10,Product_10,Beauty,1405.64
11,Product_11,Sports,448.68
12,Product_12,Books,563.6
13,Product_13,Electronics,1520.03
14,Product_14,Fashion,1399.3
15,Product_15,Home,562.96
16,Product_16,Fashion,1914.85
17,Product_17,Home,213.4
18,Product_18,Sports,202.47
19,Product_19,Home,1211.41
20,Product_20,Electronics,1462.17
21,Product_21,Books,258.4
22,Product_22,Sports,166.81
23,Product_23,Home,1660.52
24,Product_24,Books,1772.05
25,Product_25,Home,1158.93
26,Product_26,Beauty,148.41
27,Product_27,Beauty,463.52
28,Product_28,Home,1970.59
29,Product_29,Fashion,1734.3
30,Product_30,Sports,563.17
31,Product_31,Beauty,1669.88
32,Product_32,Fashion,746.66
33,Product_33,Fashion,1343.65
34,Product_34,Beauty,1873.94
35,Product_35,Beauty,152.09
36,Product_36,Beauty,350.57
37,Product_37,Beauty,497.17
38,Product_38,Sports,765.12
39,Product_39,Beauty,1379.44
40,Product_40,Fashion,1372.38
41,Product_41,Electronics,465.81
42,Product_42,Electronics,1612.04
43,Product_43,Sports,542.8
44,Product_44,Fashion,1827.14
45,Product_45,Books,1753.97
46,Product_46,Home,433.13
47,Product_47,Sports,797.31
48,Product_48,Beauty,923.12
49,Product_49,Home,287.86
50,Product_50,Beauty,1127.12
51,Product_51,Home,1496.56
52,Product_52,Sports,1796.67
53,Product_53,Sports,730.37
54,Product_54,Fashion,1023.96
55,Product_55,Electronics,1514.01
56,Product_56,Electronics,314.15
57,Product_57,Fashion,1586.24
58,Product_58,Sports,1196.85
59,Product_59,Sports,769.42
60,Product_60,Sports,1062.94
61,Product_61,Books,1722.95
62,Product_62,Electronics,1363.76
63,Product_63,Electronics,1366.6
64,Product_64,Books,1504.25
65,Product_65,Beauty,686.95
66,Product_66,Home,875.18
67,Product_67,Sports,16.46
68,Product_68,Beauty,1752.95
69,Product_69,Home,1944.06
70,Product_70,Fashion,1020.29
71,Product_71,Electronics,1742.33
72,Product_72,Home,1684.92
73,Product_73,Books,1221.85
74,Product_74,Fashion,754.09
75,Product_75,Fashion,1083.36
76,Product_76,Books,1837.8
77,Product_77,Books,655.07
78,Product_78,Electronics,232.62
79,Product_79,Home,1758.66
80,Product_80,Home,486.51
81,Product_81,Fashion,1757.24
82,Product_82,Electronics,180.45
83,Product_83,Sports,1633.89
84,Product_84,Books,1534.01
85,Product_85,Fashion,1322.9
86,Product_86,Books,338.6
87,Product_87,Books,1746.14
88,Product_88,Sports,1929.08
89,Product_89,Books,1512.98
90,Product_90,Beauty,410.29
91,Product_91,Home,803.99
92,Product_92,Beauty,1303.26
93,Product_93,Sports,1800.23
94,Product_94,Sports,250.8
95,Product_95,Fashion,137.41
96,Product_96,Electronics,1180.73
97,Product_97,Fashion,1181.0
98,Product_98,Electronics,151.28
99,Product_99,Beauty,127.16
100,Product_100,Electronics,1811.79
101,Product_101,Home,151.01
102,Product_102,Fashion,564.17
103,Product_103,Sports,436.33
104,Product_104,Fashion,1449.47
105,Product_105,Books,1156.66
106,Product_106,Fashion,1571.39
107,Product_107,Sports,388.92
108,Product_108,Electronics,1321.38
109,Product_109,Home,852.92
110,Product_110,Sports,1729.04
111,Product_111,Electronics,1350.0
112,Product_112,Beauty,205.85
113,Product_113,Sports,1459.15
114,Product_114,Electronics,504.83
115,Product_115,Fashion,1077.21
116,Product_116,Fashion,849.54
117,Product_117,Home,930.63
118,Product_118,Electronics,891.83
119,Product_119,Books,204.84
120,Product_120,Beauty,1998.57
121,Product_121,Electronics,1938.3
122,Product_122,Fashion,340.96
123,Product_123,Sports,967.9
124,Product_124,Sports,1805.86
125,Product_125,Fashion,764.16
126,Product_126,Sports,537.75
127,Product_127,Sports,577.65
128,Product_128,Beauty,1915.06
129,Product_129,Books,1327.12
130,Product_130,Sports,318.05
131,Product_131,Home,443.22
132,Product_132,Electronics,1162.57
133,Product_133,Books,131.31
134,Product_134,Home,123.76
135,Product_135,Books,958.81
136,Product_136,Books,323.29
137,Product_137,Books,169.42
138,Product_138,Fashion,146.36
139,Product_139,Electronics,1353.67
140,Product_140,Fashion,813.51
141,Product_141,Books,499.97
142,Product_142,Books,89.09
143,Product_143,Electronics,844.26
144,Product_144,Books,1134.8
145,Product_145,Home,1870.07
146,Product_146,Fashion,1342.75
147,Product_147,Home,484.99
148,Product_148,Sports,270.45
149,Product_149,Beauty,606.99
150,Product_150,Home,1858.75
151,Product_151,Electronics,28.54
152,Product_152,Books,1996.92
153,Product_153,Electronics,155.79
154,Product_154,Fashion,1016.71
155,Product_155,Fashion,1867.19
156,Product_156,Electronics,1759.75
157,Product_157,Home,577.12
158,Product_158,Sports,1669.15
159,Product_159,Beauty,612.01
160,Product_160,Beauty,1062.59
161,Product_161,Beauty,1636.04
162,Product_162,Home,1864.19
163,Product_163,Electronics,1878.47
164,Product_164,Fashion,536.29
165,Product_165,Electronics,1487.41
166,Product_166,Fashion,551.97
167,Product_167,Books,429.15
168,Product_168,Home,415.16
169,Product_169,Beauty,1707.3
170,Product_170,Books,982.18
171,Product_171,Electronics,193.67
172,Product_172,Sports,1660.4
173,Product_173,Electronics,17.06
174,Product_174,Fashion,1277.86
175,Product_175,Home,331.55
176,Product_176,Sports,1107.84
177,Product_177,Sports,1126.2
178,Product_178,Electronics,159.74
179,Product_179,Beauty,1808.82
180,Product_180,Books,81.7
181,Product_181,Home,1169.19
182,Product_182,Fashion,865.28
183,Product_183,Electronics,623.43
184,Product_184,Electronics,1798.86
185,Product_185,Fashion,1367.31
186,Product_186,Beauty,214.56
187,Product_187,Books,1769.43
188,Product_188,Sports,1947.94
189,Product_189,Beauty,317.56
190,Product_190,Fashion,1730.57
191,Product_191,Fashion,1764.02
192,Product_192,Electronics,366.93
193,Product_193,Home,1566.95
194,Product_194,Sports,1606.45
195,Product_195,Beauty,1623.39
196,Product_196,Home,326.8
197,Product_197,Beauty,225.11
198,Product_198,Electronics,1718.6
199,Product_199,Fashion,407.15
200,Product_200,Sports,705.82
201,Product_201,Fashion,453.62
202,Product_202,Beauty,394.33
203,Product_203,Home,564.42
204,Product_204,Electronics,1934.11
205,Product_205,Home,708.78
206,Product_206,Books,805.36
207,Product_207,Books,668.99
208,Product_208,Electronics,239.53
209,Product_209,Home,365.35
210,Product_210,Home,86.13
211,Product_211,Books,874.78
212,Product_212,Beauty,1574.99
213,Product_213,Sports,1216.36
214,Product_214,Books,240.14
215,Product_215,Books,388.26
216,Product_216,Electronics,1420.48
217,Product_217,Electronics,1044.64
218,Product_218,Books,1376.85
219,Product_219,Beauty,1476.71
220,Product_220,Fashion,734.8
221,Product_221,Electronics,1898.26
222,Product_222,Home,1250.08
223,Product_223,Beauty,1697.55
224,Product_224,Beauty,1801.09
225,Product_225,Books,625.48
226,Product_226,Sports,659.1
227,Product_227,Beauty,598.35
228,Product_228,Fashion,391.76
229,Product_229,Beauty,1881.32
230,Product_230,Beauty,1498.79
231,Product_231,Fashion,1234.87
232,Product_232,Home,818.09
233,Product_233,Electronics,614.71
234,Product_234,Fashion,865.48
235,Product_235,Books,1217.26
236,Product_236,Home,935.33
237,Product_237,Sports,1354.5
238,Product_238,Books,951.64
239,Product_239,Beauty,347.69
240,Product_240,Electronics,574.73
241,Product_241,Beauty,1269.55
242,Product_242,Home,195.84
243,Product_243,Fashion,1348.86
244,Product_244,Fashion,1615.06
245,Product_245,Fashion,58.61
246,Product_246,Fashion,1968.03
247,Product_247,Books,1700.98
248,Product_248,Electronics,916.28
249,Product_249,Beauty,1155.59
250,Product_250,Beauty,1395.74
251,Product_251,Sports,805.31
252,Product_252,Fashion,1315.56
253,Product_253,Electronics,1786.39
254,Product_254,Electronics,1559.06
255,Product_255,Fashion,360.01
256,Product_256,Beauty,1040.74
257,Product_257,Electronics,1119.24
258,Product_258,Electronics,918.36
259,Product_259,Sports,1338.48
260,Product_260,Books,1194.95
261,Product_261,Sports,1229.18
262,Product_262,Beauty,1785.12
263,Product_263,Sports,1662.83
264,Product_264,Books,897.37
265,Product_265,Fashion,1489.87
266,Product_266,Sports,905.64
267,Product_267,Fashion,1681.33
268,Product_268,Home,1533.97
269,Product_269,Books,974.35
270,Product_270,Fashion,556.45
271,Product_271,Electronics,1429.95
272,Product_272,Fashion,550.71
273,Product_273,Home,1787.12
274,Product_274,Electronics,285.36
275,Product_275,Fashion,772.24
276,Product_276,Fashion,1415.77
277,Product_277,Electronics,835.59
278,Product_278,Home,1089.8
279,Product_279,Sports,133.91
280,Product_280,Sports,785.06
281,Product_281,Books,1892.66
282,Product_282,Electronics,1714.9
283,Product_283,Books,766.96
284,Product_284,Electronics,1886.06
285,Product_285,Home,1509.42
286,Product_286,Sports,1081.06
287,Product_287,Beauty,1096.8
288,Product_288,Books,1796.64
289,Product_289,Sports,446.65
290,Product_290,Sports,976.43
291,Product_291,Sports,678.9
292,Product_292,Beauty,1598.3
293,Product_293,Beauty,338.44
294,Product_294,Sports,1839.89
295,Product_295,Books,1072.91
296,Product_296,Sports,1187.87
297,Product_297,Beauty,63.93
298,Product_298,Beauty,862.94
299,Product_299,Sports,371.64
300,Product_300,Home,764.42
301,Product_301,Fashion,914.85
302,Product_302,Home,1524.85
303,Product_303,Sports,563.73
304,Product_304,Sports,512.02
305,Product_305,Electronics,945.91
306,Product_306,Beauty,1083.44
307,Product_307,Home,456.2
308,Product_308,Electronics,1564.65
309,Product_309,Beauty,90.11
310,Product_310,Electronics,1899.73
311,Product_311,Fashion,1680.07
312,Product_312,Books,313.24
313,Product_313,Fashion,952.39
314,Product_314,Electronics,1132.3
315,Product_315,Fashion,935.42
316,Product_316,Home,1536.13
317,Product_317,Fashion,1215.73
318,Product_318,Beauty,1439.53
319,Product_319,Fashion,1929.79
320,Product_320,Electronics,1161.58
321,Product_321,Home,1155.84
322,Product_322,Sports,799.34
323,Product_323,Beauty,404.68
324,Product_324,Books,1384.32
325,Product_325,Beauty,493.27
326,Product_326,Beauty,1547.24
327,Product_327,Beauty,1204.82
328,Product_328,Electronics,1594.49
329,Product_329,Books,1567.44
330,Product_330,Home,1070.16
331,Product_331,Beauty,747.44
332,Product_332,Books,1298.61
333,Product_333,Electronics,1700.66
334,Product_334,Sports,220.02
335,Product_335,Home,1274.81
336,Product_336,Sports,1417.54
337,Product_337,Sports,360.51
338,Product_338,Books,1931.29
339,Product_339,Home,1235.67
340,Product_340,Books,1551.54
341,Product_341,Sports,876.79
342,Product_342,Beauty,1189.02
343,Product_343,Home,1704.91
344,Product_344,Electronics,565.07
345,Product_345,Sports,495.29
346,Product_346,Sports,1144.0
347,Product_347,Beauty,764.19
348,Product_348,Electronics,993.67
349,Product_349,Home,371.86
350,Product_350,Fashion,716.1
351,Product_351,Home,687.27
352,Product_352,Books,1405.36
353,Product_353,Home,1116.02
354,Product_354,Books,1896.64
355,Product_355,Electronics,490.3
356,Product_356,Sports,982.27
357,Product_357,Fashion,1384.31
358,Product_358,Beauty,1426.57
359,Product_359,Sports,1587.94
360,Product_360,Electronics,595.53
361,Product_361,Sports,1386.66
362,Product_362,Home,1331.28
363,Product_363,Home,951.79
364,Product_364,Books,694.08
365,Product_365,Beauty,1105.27
366,Product_366,Home,1408.68
367,Product_367,Home,620.18
368,Product_368,Fashion,250.11
369,Product_369,Fashion,637.94
370,Product_370,Beauty,1076.37
371,Product_371,Beauty,378.45
372,Product_372,Fashion,1479.82
373,Product_373,Home,1451.92
374,Product_374,Books,1197.61
375,Product_375,Electronics,1666.93
376,Product_376,Home,462.69
377,Product_377,Fashion,611.51
378,Product_378,Beauty,1072.93
379,Product_379,Home,100.58
380,Product_380,Electronics,1111.18
381,Product_381,Beauty,1888.74
382,Product_382,Beauty,1738.24
383,Product_383,Sports,214.15
384,Product_384,Electronics,1152.39
385,Product_385,Sports,962.64
386,Product_386,Home,376.88
387,Product_387,Electronics,512.43
388,Product_388,Sports,237.03
389,Product_389,Electronics,807.41
390,Product_390,Electronics,1158.27
391,Product_391,Beauty,116.68
392,Product_392,Fashion,1624.17
393,Product_393,Home,179.51
394,Product_394,Fashion,245.72
395,Product_395,Sports,1216.57
396,Product_396,Books,459.12
397,Product_397,Books,766.95
398,Product_398,Sports,601.73
399,Product_399,Books,1980.16
400,Product_400,Home,1141.57
401,Product_401,Electronics,1223.17
402,Product_402,Beauty,207.47
403,Product_403,Fashion,1254.77
404,Product_404,Home,1324.25
405,Product_405,Fashion,487.33
406,Product_406,Books,159.38
407,Product_407,Electronics,822.95
408,Product_408,Beauty,1191.68
409,Product_409,Home,74.95
410,Product_410,Home,1416.84
411,Product_411,Beauty,1720.62
412,Product_412,Electronics,1377.9
413,Product_413,Home,1577.78
414,Product_414,Beauty,1183.68
415,Product_415,Fashion,856.03
416,Product_416,Books,457.37
417,Product_417,Fashion,1817.74
418,Product_418,Fashion,152.11
419,Product_419,Fashion,1587.33
420,Product_420,Books,1500.43
421,Product_421,Books,1843.17
422,Product_422,Sports,257.46
423,Product_423,Beauty,615.14
424,Product_424,Sports,1885.93
425,Product_425,Books,1084.56
426,Product_426,Sports,170.08
427,Product_427,Electronics,1779.95
428,Product_428,Beauty,651.42
429,Product_429,Home,61.47
430,Product_430,Fashion,1924.2
431,Product_431,Books,1178.37
432,Product_432,Electronics,1999.15
433,Product_433,Beauty,1644.63
434,Product_434,Books,90.06
435,Product_435,Fashion,946.3
436,Product_436,Beauty,890.04
437,Product_437,Home,371.16
438,Product_438,Books,877.41
439,Product_439,Sports,1938.42
440,Product_440,Sports,702.44
441,Product_441,Home,648.91
442,Product_442,Electronics,1716.89
443,Product_443,Home,829.17
444,Product_444,Sports,583.55
445,Product_445,Sports,1629.0
446,Product_446,Books,83.03
447,Product_447,Electronics,635.89
448,Product_448,Home,240.68
449,Product_449,Sports,1731.17
450,Product_450,Electronics,1318.74
451,Product_451,Books,929.33
452,Product_452,Electronics,383.29
453,Product_453,Home,1249.04
454,Product_454,Sports,1254.56
455,Product_455,Electronics,415.08
456,Product_456,Books,270.72
457,Product_457,Home,881.85
458,Product_458,Beauty,974.58
459,Product_459,Electronics,1946.56
460,Product_460,Books,1600.63
461,Product_461,Beauty,325.17
462,Product_462,Books,37.21
463,Product_463,Sports,195.49
464,Product_464,Electronics,928.28
465,Product_465,Electronics,1298.94
466,Product_466,Fashion,1001.77
467,Product_467,Beauty,590.8
468,Product_468,Beauty,554.12
469,Product_469,Sports,1960.69
470,Product_470,Fashion,919.01
471,Product_471,Fashion,773.34
472,Product_472,Books,1021.4
473,Product_473,Fashion,1729.41
474,Product_474,Home,1547.62
475,Product_475,Sports,686.35
476,Product_476,Books,541.67
477,Product_477,Electronics,572.85
478,Product_478,Home,1676.58
479,Product_479,Books,1997.82
480,Product_480,Sports,1731.87
481,Product_481,Sports,1081.78
482,Product_482,Home,671.56
483,Product_483,Books,760.65
484,Product_484,Home,1740.51
485,Product_485,Beauty,485.22
486,Product_486,Sports,474.79
487,Product_487,Sports,96.86
488,Product_488,Beauty,951.22
489,Product_489,Sports,778.3
490,Product_490,Beauty,1586.86
491,Product_491,Beauty,1961.83
492,Product_492,Sports,1930.0
493,Product_493,Fashion,1009.56
494,Product_494,Books,670.67
495,Product_495,Electronics,1749.64
496,Product_496,Sports,208.43
497,Product_497,Sports,40.54
498,Product_498,Fashion,825.86
499,Product_499,Beauty,1940.21
500,Product_500,Electronics,944.29
501,Product_501,Home,683.74
502,Product_502,Beauty,800.99
503,Product_503,Electronics,1705.01
504,Product_504,Beauty,1720.09
505,Product_505,Sports,1908.74
506,Product_506,Beauty,1440.25
507,Product_507,Sports,1746.04
508,Product_508,Electronics,1238.74
509,Product_509,Fashion,1266.01
510,Product_510,Home,1994.88
511,Product_511,Beauty,189.85
512,Product_512,Electronics,1523.14
513,Product_513,Beauty,1746.43
514,Product_514,Sports,341.07
515,Product_515,Home,1807.81
516,Product_516,Electronics,655.51
517,Product_517,Electronics,593.8
518,Product_518,Home,867.07
519,Product_519,Fashion,1067.02
520,Product_520,Books,1366.78
521,Product_521,Fashion,348.27
522,Product_522,Electronics,1222.89
523,Product_523,Sports,1243.22
524,Product_524,Fashion,1000.36
525,Product_525,Books,294.8
526,Product_526,Sports,1279.43
527,Product_527,Sports,518.1
528,Product_528,Electronics,1798.83
529,Product_529,Sports,1803.41
530,Product_530,Beauty,1097.73
531,Product_531,Electronics,889.04
532,Product_532,Home,1975.43
533,Product_533,Home,1281.49
534,Product_534,Sports,1383.72
535,Product_535,Sports,1692.15
536,Product_536,Fashion,1998.75
537,Product_537,Sports,222.24
538,Product_538,Sports,1148.13
539,Product_539,Books,598.79
540,Product_540,Beauty,597.51
541,Product_541,Beauty,797.65
542,Product_542,Electronics,1136.2
543,Product_543,Beauty,1558.84
544,Product_544,Electronics,1822.13
545,Product_545,Beauty,998.49
546,Product_546,Home,1553.72
547,Product_547,Fashion,1218.06
548,Product_548,Home,445.82
549,Product_549,Fashion,1245.57
550,Product_550,Beauty,1513.6
551,Product_551,Beauty,1364.9
552,Product_552,Fashion,1260.21
553,Product_553,Beauty,1296.22
554,Product_554,Home,1579.33
555,Product_555,Electronics,1163.35
556,Product_556,Beauty,271.51
557,Product_557,Home,660.17
558,Product_558,Sports,359.52
559,Product_559,Fashion,1575.16
560,Product_560,Home,1066.4
561,Product_561,Home,1662.64
562,Product_562,Home,1828.96
563,Product_563,Sports,1935.09
564,Product_564,Home,1495.65
565,Product_565,Home,1610.42
566,Product_566,Sports,1926.16
567,Product_567,Fashion,1510.76
568,Product_568,Fashion,1721.68
569,Product_569,Beauty,1352.07
570,Product_570,Sports,1934.87
571,Product_571,Books,737.89
572,Product_572,Sports,37.7
573,Product_573,Books,255.94
574,Product_574,Home,1348.93
575,Product_575,Beauty,531.7
576,Product_576,Sports,1646.61
577,Product_577,Home,225.61
578,Product_578,Fashion,948.24
579,Product_579,Books,1769.63
580,Product_580,Books,662.73
581,Product_581,Books,450.52
582,Product_582,Electronics,1274.45
583,Product_583,Sports,1819.68
584,Product_584,Home,1301.99
585,Product_585,Electronics,288.16
586,Product_586,Electronics,615.69
587,Product_587,Sports,241.08
588,Product_588,Fashion,1775.65
589,Product_589,Fashion,783.41
590,Product_590,Home,1344.27
591,Product_591,Beauty,1396.0
592,Product_592,Books,844.06
593,Product_593,Beauty,1455.93
594,Product_594,Sports,1313.29
595,Product_595,Sports,1235.15
596,Product_596,Home,75.11
597,Product_597,Home,442.37
598,Product_598,Sports,1901.6
599,Product_599,Home,207.72
600,Product_600,Beauty,741.0
601,Product_601,Beauty,723.76
602,Product_602,Sports,559.0
603,Product_603,Electronics,1898.53
604,Product_604,Sports,192.43
605,Product_605,Fashion,1286.99
606,Product_606,Books,1942.48
607,Product_607,Electronics,1575.72
608,Product_608,Fashion,1977.75
609,Product_609,Books,418.36
610,Product_610,Books,422.24
611,Product_611,Fashion,1627.98
612,Product_612,Fashion,663.83
613,Product_613,Fashion,1579.4
614,Product_614,Books,15.64
615,Product_615,Fashion,1975.18
616,Product_616,Books,508.8
617,Product_617,Fashion,228.75
618,Product_618,Electronics,272.29
619,Product_619,Home,1582.07
620,Product_620,Fashion,1181.82
621,Product_621,Electronics,356.75
622,Product_622,Electronics,262.25
623,Product_623,Sports,1056.91
624,Product_624,Beauty,136.48
625,Product_625,Sports,1558.25
626,Product_626,Books,1191.4
627,Product_627,Sports,1012.64
628,Product_628,Books,96.3
629,Product_629,Beauty,1047.69
630,Product_630,Sports,1290.25
631,Product_631,Electronics,131.04
632,Product_632,Sports,1696.12
633,Product_633,Sports,1375.33
634,Product_634,Sports,1427.68
635,Product_635,Sports,156.25
636,Product_636,Electronics,651.0
637,Product_637,Fashion,140.71
638,Product_638,Home,1252.39
639,Product_639,Books,1101.23
640,Product_640,Home,768.0
641,Product_641,Books,1065.81
642,Product_642,Sports,1016.05
643,Product_643,Sports,207.37
644,Product_644,Beauty,237.68
645,Product_645,Beauty,1305.32
646,Product_646,Books,1444.47
647,Product_647,Fashion,865.84
648,Product_648,Fashion,833.49
649,Product_649,Sports,803.47
650,Product_650,Beauty,199.22
651,Product_651,Sports,631.92
652,Product_652,Home,754.86
653,Product_653,Fashion,1376.77
654,Product_654,Sports,143.6
655,Product_655,Electronics,195.53
656,Product_656,Electronics,1491.73
657,Product_657,Home,1625.42
658,Product_658,Books,129.36
659,Product_659,Books,1127.75
660,Product_660,Beauty,253.24
661,Product_661,Home,1748.48
662,Product_662,Sports,1737.5
663,Product_663,Beauty,112.38
664,Product_664,Home,1204.82
665,Product_665,Home,216.17
666,Product_666,Books,433.35
667,Product_667,Beauty,969.56
668,Product_668,Electronics,706.73
669,Product_669,Books,741.45
670,Product_670,Home,1152.46
671,Product_671,Sports,1691.86
672,Product_672,Books,1231.01
673,Product_673,Beauty,1117.91
674,Product_674,Books,1858.88
675,Product_675,Beauty,542.22
676,Product_676,Fashion,553.81
677,Product_677,Home,1843.86
678,Product_678,Home,22.15
679,Product_679,Fashion,1136.98
680,Product_680,Sports,148.47
681,Product_681,Beauty,1270.01
682,Product_682,Electronics,192.6
683,Product_683,Books,438.11
684,Product_684,Sports,912.76
685,Product_685,Fashion,746.41
686,Product_686,Beauty,655.52
687,Product_687,Books,1196.49
688,Product_688,Electronics,319.6
689,Product_689,Books,109.03
690,Product_690,Electronics,551.48
691,Product_691,Beauty,853.79
692,Product_692,Books,889.67
693,Product_693,Home,438.98
694,Product_694,Books,236.5
695,Product_695,Sports,230.67
696,Product_696,Beauty,1360.19
697,Product_697,Sports,1058.6
698,Product_698,Home,100.38
699,Product_699,Sports,1969.05
700,Product_700,Electronics,25.3
701,Product_701,Home,1891.19
702,Product_702,Fashion,1530.68
703,Product_703,Home,662.96
704,Product_704,Electronics,999.8
705,Product_705,Sports,359.63
706,Product_706,Sports,1069.84
707,Product_707,Fashion,1005.52
708,Product_708,Beauty,1614.34
709,Product_709,Electronics,800.17
710,Product_710,Beauty,94.18
711,Product_711,Electronics,924.91
712,Product_712,Electronics,1725.6
713,Product_713,Books,864.28
714,Product_714,Sports,1421.9
715,Product_715,Sports,586.14
716,Product_716,Sports,51.5
717,Product_717,Home,352.03
718,Product_718,Books,925.59
719,Product_719,Beauty,1840.34
720,Product_720,Electronics,879.06
721,Product_721,Electronics,494.2
722,Product_722,Books,806.9
723,Product_723,Electronics,797.58
724,Product_724,Home,1494.15
725,Product_725,Fashion,672.81
726,Product_726,Fashion,161.99
727,Product_727,Beauty,236.91
728,Product_728,Books,395.87
729,Product_729,Home,708.69
730,Product_730,Beauty,1631.92
731,Product_731,Fashion,214.58
732,Product_732,Home,402.57
733,Product_733,Books,314.21
734,Product_734,Beauty,159.95
735,Product_735,Beauty,993.29
736,Product_736,Books,1522.16
737,Product_737,Sports,1365.46
738,Product_738,Books,1289.55
739,Product_739,Books,653.18
740,Product_740,Beauty,639.12
741,Product_741,Sports,145.89
742,Product_742,Sports,1266.46
743,Product_743,Home,1186.93
744,Product_744,Home,1019.6
745,Product_745,Home,928.87
746,Product_746,Electronics,123.21
747,Product_747,Home,162.69
748,Product_748,Electronics,1233.87
749,Product_749,Books,775.12
750,Product_750,Books,1113.09
751,Product_751,Beauty,1792.79
752,Product_752,Sports,1819.01
753,Product_753,Books,1307.16
754,Product_754,Home,1213.96
755,Product_755,Books,310.21
756,Product_756,Electronics,906.54
757,Product_757,Home,1964.95
758,Product_758,Electronics,1014.05
759,Product_759,Fashion,87.89
760,Product_760,Beauty,881.14
761,Product_761,Sports,1052.9
762,Product_762,Books,325.9
763,Product_763,Home,1836.69
764,Product_764,Sports,823.45
765,Product_765,Home,1361.01
766,Product_766,Electronics,1580.56
767,Product_767,Beauty,675.95
768,Product_768,Home,198.07
769,Product_769,Beauty,779.26
770,Product_770,Home,1450.23
771,Product_771,Beauty,1929.18
772,Product_772,Books,1747.83
773,Product_773,Home,172.19
774,Product_774,Beauty,291.44
775,Product_775,Home,627.36
776,Product_776,Beauty,1399.98
777,Product_777,Sports,266.61
778,Product_778,Beauty,1876.62
779,Product_779,Home,1122.25
780,Product_780,Beauty,1585.41
781,Product_781,Fashion,1343.53
782,Product_782,Beauty,1994.36
783,Product_783,Books,195.97
784,Product_784,Beauty,852.58
785,Product_785,Home,46.28
786,Product_786,Home,368.72
787,Product_787,Fashion,690.05
788,Product_788,Sports,392.09
789,Product_789,Fashion,318.34
790,Product_790,Home,1690.41
791,Product_791,Electronics,1020.3
792,Product_792,Books,1671.89
793,Product_793,Books,85.12
794,Product_794,Home,1754.02
795,Product_795,Books,270.79
796,Product_796,Sports,316.96
797,Product_797,Fashion,1664.38
798,Product_798,Books,1620.0
799,Product_799,Fashion,1445.15
800,Product_800,Electronics,827.61
801,Product_801,Beauty,1441.98
802,Product_802,Sports,1225.08
803,Product_803,Beauty,1569.76
804,Product_804,Fashion,1072.68
805,Product_805,Home,1931.54
806,Product_806,Sports,1808.91
807,Product_807,Fashion,742.0
808,Product_808,Books,1969.04
809,Product_809,Sports,1541.18
810,Product_810,Sports,1010.78
811,Product_811,Sports,1932.87
812,Product_812,Fashion,1604.51
813,Product_813,Fashion,1747.27
814,Product_814,Electronics,1285.95
815,Product_815,Home,1113.54
816,Product_816,Electronics,1425.69
817,Product_817,Books,1703.82
818,Product_818,Home,176.91
819,Product_819,Fashion,552.85
820,Product_820,Books,303.22
821,Product_821,Sports,192.51
822,Product_822,Fashion,1635.24
823,Product_823,Home,1861.64
824,Product_824,Sports,115.98
825,Product_825,Books,754.18
826,Product_826,Sports,1989.11
827,Product_827,Home,456.83
828,Product_828,Home,1862.34
829,Product_829,Beauty,1303.42
830,Product_830,Fashion,283.82
831,Product_831,Home,1835.62
832,Product_832,Sports,1395.18
833,Product_833,Fashion,1520.09
834,Product_834,Sports,902.72
835,Product_835,Electronics,1812.66
836,Product_836,Electronics,519.29
837,Product_837,Fashion,1102.12
838,Product_838,Beauty,1221.67
839,Product_839,Sports,231.26
840,Product_840,Home,482.9
841,Product_841,Electronics,105.02
842,Product_842,Sports,1281.51
843,Product_843,Books,919.66
844,Product_844,Electronics,1675.01
845,Product_845,Sports,1197.51
846,Product_846,Electronics,1267.59
847,Product_847,Books,491.46
848,Product_848,Fashion,589.63
849,Product_849,Electronics,1233.47
850,Product_850,Fashion,1145.62
851,Product_851,Fashion,1332.1
852,Product_852,Electronics,1051.73
853,Product_853,Home,144.68
854,Product_854,Books,1092.72
855,Product_855,Books,1112.76
856,Product_856,Sports,1747.93
857,Product_857,Electronics,1274.98
858,Product_858,Home,514.76
859,Product_859,Electronics,720.62
860,Product_860,Electronics,696.16
861,Product_861,Beauty,1317.64
862,Product_862,Electronics,1545.29
863,Product_863,Beauty,1515.79
864,Product_864,Fashion,98.23
865,Product_865,Books,683.71
866,Product_866,Beauty,358.43
867,Product_867,Beauty,934.6
868,Product_868,Beauty,962.28
869,Product_869,Fashion,1624.88
870,Product_870,Electronics,1434.93
871,Product_871,Sports,83.6
872,Product_872,Fashion,97.17
873,Product_873,Fashion,1772.72
874,Product_874,Home,1867.41
875,Product_875,Books,802.47
876,Product_876,Books,952.07
877,Product_877,Electronics,1509.05
878,Product_878,Fashion,579.36
879,Product_879,Electronics,1732.94
880,Product_880,Home,553.7
881,Product_881,Home,879.53
882,Product_882,Sports,1489.18
883,Product_883,Sports,684.68
884,Product_884,Fashion,997.44
885,Product_885,Sports,741.02
886,Product_886,Books,540.77
887,Product_887,Electronics,1456.89
888,Product_888,Electronics,866.91
889,Product_889,Fashion,1095.49
890,Product_890,Home,214.17
891,Product_891,Home,1325.23
892,Product_892,Home,897.37
893,Product_893,Beauty,857.97
894,Product_894,Beauty,893.38
895,Product_895,Sports,94.29
896,Product_896,Home,1233.55
897,Product_897,Sports,556.37
898,Product_898,Electronics,159.33
899,Product_899,Beauty,818.36
900,Product_900,Books,1604.18
901,Product_901,Beauty,328.37
902,Product_902,Electronics,294.13
903,Product_903,Books,1359.4
904,Product_904,Sports,79.25
905,Product_905,Electronics,479.63
906,Product_906,Beauty,738.99
907,Product_907,Sports,1899.44
908,Product_908,Electronics,1214.14
909,Product_909,Beauty,905.35
910,Product_910,Home,750.31
911,Product_911,Electronics,1152.1
912,Product_912,Books,740.23
913,Product_913,Home,1302.63
914,Product_914,Fashion,1921.43
915,Product_915,Electronics,1473.99
916,Product_916,Sports,1040.31
917,Product_917,Books,244.34
918,Product_918,Home,1411.04
919,Product_919,Fashion,1992.77
920,Product_920,Home,1391.02
921,Product_921,Sports,408.35
922,Product_922,Fashion,1707.12
923,Product_923,Sports,353.59
924,Product_924,Beauty,895.77
925,Product_925,Electronics,1622.92
926,Product_926,Home,1339.0
927,Product_927,Beauty,139.23
928,Product_928,Books,587.82
929,Product_929,Home,1704.21
930,Product_930,Beauty,1422.03
931,Product_931,Beauty,1279.02
932,Product_932,Home,1022.42
933,Product_933,Electronics,1970.41
934,Product_934,Fashion,481.11
935,Product_935,Sports,62.31
936,Product_936,Books,1148.83
937,Product_937,Sports,1609.29
938,Product_938,Books,268.24
939,Product_939,Electronics,140.84
940,Product_940,Sports,1999.19
941,Product_941,Beauty,962.54
942,Product_942,Sports,1540.64
943,Product_943,Books,156.76
944,Product_944,Home,1288.25
945,Product_945,Sports,937.01
946,Product_946,Books,695.58
947,Product_947,Books,1283.19
948,Product_948,Fashion,1537.89
949,Product_949,Fashion,870.91
950,Product_950,Electronics,1664.47
951,Product_951,Books,314.5
952,Product_952,Fashion,332.31
953,Product_953,Beauty,458.69
954,Product_954,Books,1790.9
955,Product_955,Electronics,508.7
956,Product_956,Beauty,1913.14
957,Product_957,Home,259.09
958,Product_958,Home,1232.71
959,Product_959,Electronics,1010.12
960,Product_960,Fashion,1187.7
961,Product_961,Books,316.85
962,Product_962,Beauty,1252.71
963,Product_963,Books,681.86
964,Product_964,Books,91.98
965,Product_965,Electronics,171.63
966,Product_966,Beauty,1544.33
967,Product_967,Home,1305.75
968,Product_968,Books,839.01
969,Product_969,Beauty,70.27
970,Product_970,Beauty,1095.7
971,Product_971,Beauty,1913.73
972,Product_972,Sports,497.31
973,Product_973,Beauty,818.12
974,Product_974,Sports,155.22
975,Product_975,Electronics,324.58
976,Product_976,Sports,973.66
977,Product_977,Fashion,686.98
978,Product_978,Fashion,632.04
979,Product_979,Beauty,645.44
980,Product_980,Home,1950.99
981,Product_981,Fashion,1523.72
982,Product_982,Books,1127.69
983,Product_983,Home,491.06
984,Product_984,Electronics,542.27
985,Product_985,Fashion,290.35
986,Product_986,Electronics,587.52
987,Product_987,Sports,1729.69
988,Product_988,Sports,504.06
989,Product_989,Fashion,1628.82
990,Product_990,Books,1445.05
991,Product_991,Fashion,1528.61
992,Product_992,Sports,1991.98
993,Product_993,Sports,1002.53
994,Product_994,Home,999.77
995,Product_995,Electronics,1891.01
996,Product_996,Books,919.89
997,Product_997,Fashion,438.14
998,Product_998,Home,106.83
999,Product_999,Home,994.84
1000,Product_1000,Beauty,1348.32
1001,Product_1001,Home,1078.01
1002,Product_1002,Electronics,867.55
1003,Product_1003,Home,1457.74
1004,Product_1004,Sports,738.22
1005,Product_1005,Sports,111.8
1006,Product_1006,Books,397.36
1007,Product_1007,Books,584.32
1008,Product_1008,Sports,1013.47
1009,Product_1009,Books,566.64
1010,Product_1010,Books,1363.99
1011,Product_1011,Electronics,266.04
1012,Product_1012,Electronics,793.87
1013,Product_1013,Home,1120.09
1014,Product_1014,Home,1512.38
1015,Product_1015,Fashion,1208.9
1016,Product_1016,Sports,1005.16
1017,Product_1017,Electronics,87.44
1018,Product_1018,Beauty,672.75
1019,Product_1019,Sports,1043.47
1020,Product_1020,Fashion,1216.46
1021,Product_1021,Books,288.16
1022,Product_1022,Books,643.87
1023,Product_1023,Sports,1981.33
1024,Product_1024,Beauty,1686.78
1025,Product_1025,Books,679.38
1026,Product_1026,Books,1069.36
1027,Product_1027,Beauty,1130.22
1028,Product_1028,Sports,1633.34
1029,Product_1029,Home,669.17
1030,Product_1030,Electronics,1960.0
1031,Product_1031,Books,622.28
1032,Product_1032,Beauty,1745.48
1033,Product_1033,Beauty,63.03
1034,Product_1034,Sports,538.41
1035,Product_1035,Beauty,1567.98
1036,Product_1036,Books,1159.49
1037,Product_1037,Beauty,112.2
1038,Product_1038,Sports,349.32
1039,Product_1039,Beauty,1445.15
1040,Product_1040,Sports,304.07
1041,Product_1041,Beauty,491.97
1042,Product_1042,Books,1896.93
1043,Product_1043,Electronics,389.66
1044,Product_1044,Sports,634.25
1045,Product_1045,Fashion,831.79
1046,Product_1046,Fashion,826.65
1047,Product_1047,Books,1841.84
1048,Product_1048,Beauty,1457.53
1049,Product_1049,Beauty,284.78
1050,Product_1050,Fashion,1126.16
1051,Product_1051,Beauty,961.96
1052,Product_1052,Sports,634.37
1053,Product_1053,Fashion,924.73
1054,Product_1054,Books,691.23
1055,Product_1055,Home,1354.98
1056,Product_1056,Beauty,1364.68
1057,Product_1057,Beauty,536.08
1058,Product_1058,Sports,392.61
1059,Product_1059,Fashion,565.22
1060,Product_1060,Home,457.49
1061,Product_1061,Home,1544.64
1062,Product_1062,Beauty,422.48
1063,Product_1063,Beauty,983.12
1064,Product_1064,Sports,704.12
1065,Product_1065,Beauty,554.18
1066,Product_1066,Electronics,1151.22
1067,Product_1067,Books,765.59
1068,Product_1068,Sports,1638.57
1069,Product_1069,Fashion,588.0
1070,Product_1070,Home,1911.07
1071,Product_1071,Electronics,699.26
1072,Product_1072,Sports,1315.38
1073,Product_1073,Beauty,963.37
1074,Product_1074,Fashion,1657.62
1075,Product_1075,Home,1866.72
1076,Product_1076,Beauty,550.53
1077,Product_1077,Electronics,1235.2
1078,Product_1078,Books,486.17
1079,Product_1079,Electronics,1342.97
1080,Product_1080,Books,459.09
1081,Product_1081,Fashion,114.46
1082,Product_1082,Sports,667.28
1083,Product_1083,Sports,210.08
1084,Product_1084,Fashion,20.31
1085,Product_1085,Books,1956.04
1086,Product_1086,Fashion,819.75
1087,Product_1087,Sports,960.12
1088,Product_1088,Fashion,1514.26
1089,Product_1089,Home,649.12
1090,Product_1090,Beauty,127.73
1091,Product_1091,Electronics,1308.07
1092,Product_1092,Fashion,1074.95
1093,Product_1093,Beauty,1702.16
1094,Product_1094,Electronics,1827.33
1095,Product_1095,Fashion,841.59
1096,Product_1096,Fashion,1868.51
1097,Product_1097,Electronics,1994.37
1098,Product_1098,Sports,1578.04
1099,Product_1099,Fashion,1873.85
1100,Product_1100,Home,1754.72
1101,Product_1101,Electronics,603.8
1102,Product_1102,Books,223.53
1103,Product_1103,Home,576.28
1104,Product_1104,Beauty,1091.17
1105,Product_1105,Sports,1779.63
1106,Product_1106,Fashion,1703.61
1107,Product_1107,Sports,552.95
1108,Product_1108,Electronics,668.06
1109,Product_1109,Beauty,923.24
1110,Product_1110,Home,1440.01
1111,Product_1111,Electronics,1475.87
1112,Product_1112,Home,1139.88
1113,Product_1113,Fashion,359.23
1114,Product_1114,Beauty,1795.12
1115,Product_1115,Sports,1035.41
1116,Product_1116,Electronics,807.66
1117,Product_1117,Electronics,377.71
1118,Product_1118,Fashion,960.13
1119,Product_1119,Fashion,23.59
1120,Product_1120,Sports,478.69
1121,Product_1121,Home,1908.53
1122,Product_1122,Home,1169.1
1123,Product_1123,Books,32.76
1124,Product_1124,Beauty,725.51
1125,Product_1125,Fashion,133.63
1126,Product_1126,Electronics,936.14
1127,Product_1127,Fashion,816.78
1128,Product_1128,Books,1846.98
1129,Product_1129,Beauty,1541.98
1130,Product_1130,Beauty,243.66
1131,Product_1131,Home,741.41
1132,Product_1132,Fashion,446.07
1133,Product_1133,Fashion,961.58
1134,Product_1134,Sports,1497.99
1135,Product_1135,Books,753.51
1136,Product_1136,Beauty,1102.98
1137,Product_1137,Sports,1517.13
1138,Product_1138,Beauty,1652.95
1139,Product_1139,Fashion,1363.88
1140,Product_1140,Books,1747.54
1141,Product_1141,Electronics,1055.76
1142,Product_1142,Books,1410.49
1143,Product_1143,Electronics,1835.32
1144,Product_1144,Electronics,132.9
1145,Product_1145,Books,1806.75
1146,Product_1146,Fashion,1149.68
1147,Product_1147,Fashion,337.43
1148,Product_1148,Books,889.26
1149,Product_1149,Beauty,418.75
1150,Product_1150,Books,982.77
1151,Product_1151,Books,896.51
1152,Product_1152,Electronics,912.33
1153,Product_1153,Books,836.69
1154,Product_1154,Books,124.9
1155,Product_1155,Sports,1348.81
1156,Product_1156,Home,1449.33
1157,Product_1157,Sports,516.37
1158,Product_1158,Electronics,1494.15
1159,Product_1159,Books,155.33
1160,Product_1160,Sports,695.61
1161,Product_1161,Electronics,1086.92
1162,Product_1162,Electronics,1869.82
1163,Product_1163,Electronics,1972.41
1164,Product_1164,Sports,73.15
1165,Product_1165,Sports,368.16
1166,Product_1166,Fashion,1534.0
1167,Product_1167,Beauty,1295.3
1168,Product_1168,Sports,755.18
1169,Product_1169,Sports,902.59
1170,Product_1170,Sports,757.53
1171,Product_1171,Beauty,1928.65
1172,Product_1172,Books,274.65
1173,Product_1173,Home,246.08
1174,Product_1174,Books,792.19
1175,Product_1175,Fashion,1458.44
1176,Product_1176,Fashion,1671.3
1177,Product_1177,Electronics,1957.2
1178,Product_1178,Sports,1350.26
1179,Product_1179,Books,854.01
1180,Product_1180,Sports,1648.49
1181,Product_1181,Fashion,926.64
1182,Product_1182,Fashion,558.54
1183,Product_1183,Beauty,1533.32
1184,Product_1184,Electronics,1620.86
1185,Product_1185,Sports,1233.7
1186,Product_1186,Electronics,488.93
1187,Product_1187,Electronics,210.78
1188,Product_1188,Electronics,898.42
1189,Product_1189,Beauty,1409.54
1190,Product_1190,Electronics,497.02
1191,Product_1191,Electronics,810.51
1192,Product_1192,Fashion,1084.12
1193,Product_1193,Electronics,288.87
1194,Product_1194,Home,475.98
1195,Product_1195,Beauty,1156.46
1196,Product_1196,Books,1199.86
1197,Product_1197,Beauty,1638.58
1198,Product_1198,Fashion,610.51
1199,Product_1199,Fashion,1971.53
1200,Product_1200,Books,449.88
1201,Product_1201,Home,557.56
1202,Product_1202,Books,1897.56
1203,Product_1203,Beauty,1824.04
1204,Product_1204,Beauty,1360.71
1205,Product_1205,Books,996.29
1206,Product_1206,Home,1883.76
1207,Product_1207,Beauty,768.5
1208,Product_1208,Books,644.28
1209,Product_1209,Sports,822.44
1210,Product_1210,Home,759.16
1211,Product_1211,Books,952.3
1212,Product_1212,Fashion,608.47
1213,Product_1213,Beauty,297.26
1214,Product_1214,Sports,1830.33
1215,Product_1215,Books,831.23
1216,Product_1216,Sports,1119.0
1217,Product_1217,Fashion,782.95
1218,Product_1218,Home,414.64
1219,Product_1219,Beauty,167.35
1220,Product_1220,Sports,1695.8
1221,Product_1221,Electronics,1075.91
1222,Product_1222,Fashion,112.56
1223,Product_1223,Sports,1350.61
1224,Product_1224,Books,88.7
1225,Product_1225,Electronics,384.44
1226,Product_1226,Books,1451.37
1227,Product_1227,Books,441.86
1228,Product_1228,Fashion,1740.25
1229,Product_1229,Home,613.34
1230,Product_1230,Electronics,431.5
1231,Product_1231,Fashion,1924.53
1232,Product_1232,Electronics,1496.29
1233,Product_1233,Sports,1829.74
1234,Product_1234,Beauty,1212.76
1235,Product_1235,Fashion,799.3
1236,Product_1236,Fashion,1108.64
1237,Product_1237,Home,767.52
1238,Product_1238,Books,1300.96
1239,Product_1239,Home,530.51
1240,Product_1240,Books,1766.8
1241,Product_1241,Sports,206.23
1242,Product_1242,Beauty,944.29
1243,Product_1243,Home,1829.52
1244,Product_1244,Home,632.71
1245,Product_1245,Electronics,1129.42
1246,Product_1246,Fashion,1485.09
1247,Product_1247,Electronics,528.94
1248,Product_1248,Books,1162.49
1249,Product_1249,Sports,597.43
1250,Product_1250,Fashion,666.43
1251,Product_1251,Sports,1143.88
1252,Product_1252,Fashion,1003.61
1253,Product_1253,Beauty,1887.49
1254,Product_1254,Home,522.08
1255,Product_1255,Sports,1933.35
1256,Product_1256,Beauty,1481.79
1257,Product_1257,Sports,344.78
1258,Product_1258,Home,346.84
1259,Product_1259,Beauty,1097.63
1260,Product_1260,Fashion,1834.63
1261,Product_1261,Books,1980.74
1262,Product_1262,Electronics,1052.65
1263,Product_1263,Electronics,1890.92
1264,Product_1264,Beauty,106.54
1265,Product_1265,Electronics,830.66
1266,Product_1266,Beauty,470.55
1267,Product_1267,Beauty,310.55
1268,Product_1268,Fashion,1016.41
1269,Product_1269,Home,130.3
1270,Product_1270,Beauty,1336.84
1271,Product_1271,Books,1826.38
1272,Product_1272,Beauty,980.83
1273,Product_1273,Electronics,1069.1
1274,Product_1274,Sports,33.58
1275,Product_1275,Books,1447.16
1276,Product_1276,Books,1955.18
1277,Product_1277,Electronics,1009.41
1278,Product_1278,Beauty,1351.33
1279,Product_1279,Fashion,222.96
1280,Product_1280,Electronics,1053.53
1281,Product_1281,Fashion,391.94
1282,Product_1282,Books,512.31
1283,Product_1283,Home,541.98
1284,Product_1284,Sports,167.25
1285,Product_1285,Sports,923.41
1286,Product_1286,Fashion,1980.56
1287,Product_1287,Fashion,606.95
1288,Product_1288,Electronics,1310.93
1289,Product_1289,Beauty,1521.58
1290,Product_1290,Electronics,816.5
1291,Product_1291,Sports,1109.88
1292,Product_1292,Electronics,1277.13
1293,Product_1293,Beauty,351.05
1294,Product_1294,Sports,1692.21
1295,Product_1295,Beauty,1570.91
1296,Product_1296,Books,1954.89
1297,Product_1297,Electronics,1790.63
1298,Product_1298,Electronics,467.24
1299,Product_1299,Beauty,1776.23
1300,Product_1300,Sports,549.48
1301,Product_1301,Electronics,1372.01
1302,Product_1302,Home,1799.63
1303,Product_1303,Books,1319.64
1304,Product_1304,Fashion,1858.25
1305,Product_1305,Home,41.16
1306,Product_1306,Fashion,1178.2
1307,Product_1307,Beauty,1643.6
1308,Product_1308,Electronics,605.56
1309,Product_1309,Books,488.54
1310,Product_1310,Sports,1357.3
1311,Product_1311,Books,670.14
1312,Product_1312,Beauty,288.5
1313,Product_1313,Beauty,1451.09
1314,Product_1314,Books,1493.46
1315,Product_1315,Home,116.86
1316,Product_1316,Sports,471.97
1317,Product_1317,Electronics,687.78
1318,Product_1318,Books,1910.17
1319,Product_1319,Sports,1938.15
1320,Product_1320,Home,68.96
1321,Product_1321,Home,1569.26
1322,Product_1322,Sports,986.3
1323,Product_1323,Home,1110.55
1324,Product_1324,Sports,869.38
1325,Product_1325,Beauty,1175.89
1326,Product_1326,Sports,180.53
1327,Product_1327,Books,597.81
1328,Product_1328,Fashion,1429.09
1329,Product_1329,Electronics,543.26
1330,Product_1330,Sports,1426.24
1331,Product_1331,Beauty,317.01
1332,Product_1332,Sports,640.19
1333,Product_1333,Electronics,192.13
1334,Product_1334,Home,895.02
1335,Product_1335,Home,213.44
1336,Product_1336,Electronics,382.91
1337,Product_1337,Sports,1118.4
1338,Product_1338,Books,822.01
1339,Product_1339,Electronics,188.34
1340,Product_1340,Books,195.2
1341,Product_1341,Books,1571.03
1342,Product_1342,Sports,34.56
1343,Product_1343,Sports,781.72
1344,Product_1344,Electronics,1452.44
1345,Product_1345,Books,1811.36
1346,Product_1346,Fashion,1148.2
1347,Product_1347,Fashion,1373.78
1348,Product_1348,Fashion,286.29
1349,Product_1349,Home,544.13
1350,Product_1350,Fashion,135.9
1351,Product_1351,Sports,559.16
1352,Product_1352,Home,973.62
1353,Product_1353,Electronics,728.64
1354,Product_1354,Fashion,1444.59
1355,Product_1355,Sports,1191.67
1356,Product_1356,Fashion,921.14
1357,Product_1357,Fashion,616.27
1358,Product_1358,Sports,671.11
1359,Product_1359,Books,765.98
1360,Product_1360,Home,886.04
1361,Product_1361,Sports,1632.8
1362,Product_1362,Beauty,1948.71
1363,Product_1363,Fashion,607.87
1364,Product_1364,Books,1895.09
1365,Product_1365,Fashion,963.23
1366,Product_1366,Fashion,1929.5
1367,Product_1367,Home,589.98
1368,Product_1368,Beauty,1269.48
1369,Product_1369,Books,1566.13
1370,Product_1370,Home,758.35
1371,Product_1371,Sports,736.38
1372,Product_1372,Books,407.6
1373,Product_1373,Books,368.06
1374,Product_1374,Books,63.56
1375,Product_1375,Beauty,928.63
1376,Product_1376,Beauty,427.2
1377,Product_1377,Home,1664.25
1378,Product_1378,Electronics,1639.74
1379,Product_1379,Sports,1349.23
1380,Product_1380,Fashion,1270.34
1381,Product_1381,Fashion,512.84
1382,Product_1382,Fashion,1433.32
1383,Product_1383,Sports,157.19
1384,Product_1384,Books,963.68
1385,Product_1385,Sports,1073.39
1386,Product_1386,Beauty,842.42
1387,Product_1387,Electronics,1583.53
1388,Product_1388,Home,1406.25
1389,Product_1389,Books,1191.7
1390,Product_1390,Electronics,227.65
1391,Product_1391,Fashion,1318.63
1392,Product_1392,Home,341.01
1393,Product_1393,Books,98.15
1394,Product_1394,Beauty,1358.17
1395,Product_1395,Sports,1933.95
1396,Product_1396,Home,1931.78
1397,Product_1397,Sports,220.83
1398,Product_1398,Electronics,524.89
1399,Product_1399,Books,1496.24
1400,Product_1400,Books,1165.23
1401,Product_1401,Books,449.85
1402,Product_1402,Home,788.36
1403,Product_1403,Beauty,1181.29
1404,Product_1404,Books,309.98
1405,Product_1405,Electronics,970.71
1406,Product_1406,Home,837.79
1407,Product_1407,Electronics,240.98
1408,Product_1408,Beauty,291.93
1409,Product_1409,Home,692.7
1410,Product_1410,Fashion,1047.02
1411,Product_1411,Home,957.56
1412,Product_1412,Sports,1446.77
1413,Product_1413,Sports,644.63
1414,Product_1414,Home,98.92
1415,Product_1415,Beauty,239.02
1416,Product_1416,Home,1299.46
1417,Product_1417,Beauty,1602.1
1418,Product_1418,Beauty,495.39
1419,Product_1419,Fashion,1108.3
1420,Product_1420,Home,1124.1
1421,Product_1421,Sports,471.39
1422,Product_1422,Sports,1263.22
1423,Product_1423,Fashion,1284.55
1424,Product_1424,Sports,797.21
1425,Product_1425,Beauty,1232.07
1426,Product_1426,Fashion,904.65
1427,Product_1427,Sports,783.78
1428,Product_1428,Beauty,437.44
1429,Product_1429,Home,1507.13
1430,Product_1430,Electronics,1158.92
1431,Product_1431,Books,382.05
1432,Product_1432,Home,402.18
1433,Product_1433,Electronics,532.08
1434,Product_1434,Sports,1060.15
1435,Product_1435,Beauty,633.67
1436,Product_1436,Sports,1226.5
1437,Product_1437,Books,237.32
1438,Product_1438,Home,1692.58
1439,Product_1439,Books,353.33
1440,Product_1440,Beauty,1414.92
1441,Product_1441,Home,1838.18
1442,Product_1442,Books,178.66
1443,Product_1443,Fashion,633.24
1444,Product_1444,Fashion,617.71
1445,Product_1445,Fashion,752.88
1446,Product_1446,Fashion,1026.54
1447,Product_1447,Sports,1196.89
1448,Product_1448,Books,773.58
1449,Product_1449,Fashion,978.47
1450,Product_1450,Books,1389.93
1451,Product_1451,Beauty,1862.08
1452,Product_1452,Fashion,1114.28
1453,Product_1453,Sports,584.78
1454,Product_1454,Fashion,636.01
1455,Product_1455,Sports,1242.63
1456,Product_1456,Home,1904.17
1457,Product_1457,Sports,281.7
1458,Product_1458,Sports,1928.02
1459,Product_1459,Books,1309.61
1460,Product_1460,Sports,1372.55
1461,Product_1461,Sports,1423.18
1462,Product_1462,Sports,982.51
1463,Product_1463,Electronics,1135.14
1464,Product_1464,Fashion,591.26
1465,Product_1465,Home,457.44
1466,Product_1466,Home,344.74
1467,Product_1467,Sports,1135.64
1468,Product_1468,Sports,1103.96
1469,Product_1469,Electronics,1149.7
1470,Product_1470,Home,1552.47
1471,Product_1471,Home,1088.67
1472,Product_1472,Electronics,1522.41
1473,Product_1473,Sports,1097.24
1474,Product_1474,Sports,213.81
1475,Product_1475,Beauty,1505.18
1476,Product_1476,Home,1750.87
1477,Product_1477,Electronics,904.97
1478,Product_1478,Home,1725.78
1479,Product_1479,Electronics,883.75
1480,Product_1480,Electronics,1553.51
1481,Product_1481,Fashion,427.66
1482,Product_1482,Beauty,1179.97
1483,Product_1483,Home,1723.49
1484,Product_1484,Books,1269.21
1485,Product_1485,Fashion,1236.14
1486,Product_1486,Fashion,1628.92
1487,Product_1487,Electronics,1144.45
1488,Product_1488,Books,569.36
1489,Product_1489,Books,345.07
1490,Product_1490,Beauty,592.34
1491,Product_1491,Books,542.01
1492,Product_1492,Books,1971.12
1493,Product_1493,Beauty,1632.21
1494,Product_1494,Fashion,1925.92
1495,Product_1495,Sports,1838.35
1496,Product_1496,Home,1735.42
1497,Product_1497,Fashion,1405.84
1498,Product_1498,Fashion,506.86
1499,Product_1499,Beauty,650.97
1500,Product_1500,Fashion,1525.33
1501,Product_1501,Beauty,791.47
1502,Product_1502,Fashion,1159.08
1503,Product_1503,Home,1259.35
1504,Product_1504,Sports,909.46
1505,Product_1505,Beauty,1591.25
1506,Product_1506,Electronics,811.67
1507,Product_1507,Beauty,563.67
1508,Product_1508,Home,914.84
1509,Product_1509,Sports,661.31
1510,Product_1510,Electronics,1739.13
1511,Product_1511,Beauty,195.35
1512,Product_1512,Sports,1273.33
1513,Product_1513,Beauty,722.86
1514,Product_1514,Electronics,1593.4
1515,Product_1515,Sports,443.48
1516,Product_1516,Sports,1651.45
1517,Product_1517,Sports,544.39
1518,Product_1518,Home,682.13
1519,Product_1519,Books,269.88
1520,Product_1520,Sports,1578.72
1521,Product_1521,Beauty,1526.89
1522,Product_1522,Electronics,208.15
1523,Product_1523,Sports,42.4
1524,Product_1524,Fashion,888.16
1525,Product_1525,Electronics,1983.76
1526,Product_1526,Sports,412.61
1527,Product_1527,Beauty,1819.72
1528,Product_1528,Beauty,610.71
1529,Product_1529,Home,195.75
1530,Product_1530,Home,508.27
1531,Product_1531,Home,1332.37
1532,Product_1532,Beauty,339.39
1533,Product_1533,Sports,1254.95
1534,Product_1534,Beauty,1401.89
1535,Product_1535,Fashion,864.17
1536,Product_1536,Electronics,1410.36
1537,Product_1537,Electronics,434.71
1538,Product_1538,Electronics,274.07
1539,Product_1539,Fashion,1043.69
1540,Product_1540,Sports,28.48
1541,Product_1541,Beauty,693.71
1542,Product_1542,Electronics,1976.43
1543,Product_1543,Sports,1391.12
1544,Product_1544,Sports,150.95
1545,Product_1545,Sports,187.77
1546,Product_1546,Electronics,215.37
1547,Product_1547,Home,1763.17
1548,Product_1548,Fashion,771.61
1549,Product_1549,Fashion,1286.74
1550,Product_1550,Beauty,294.28
1551,Product_1551,Books,1130.95
1552,Product_1552,Books,1303.54
1553,Product_1553,Sports,708.86
1554,Product_1554,Fashion,1259.88
1555,Product_1555,Fashion,1840.59
1556,Product_1556,Books,1376.27
1557,Product_1557,Fashion,182.51
1558,Product_1558,Electronics,288.63
1559,Product_1559,Electronics,1183.25
1560,Product_1560,Sports,709.56
1561,Product_1561,Sports,635.86
1562,Product_1562,Fashion,503.09
1563,Product_1563,Beauty,177.65
1564,Product_1564,Books,1205.99
1565,Product_1565,Beauty,1219.11
1566,Product_1566,Beauty,63.38
1567,Product_1567,Beauty,1752.9
1568,Product_1568,Fashion,1040.32
1569,Product_1569,Books,385.41
1570,Product_1570,Sports,598.13
1571,Product_1571,Electronics,1569.77
1572,Product_1572,Fashion,994.83
1573,Product_1573,Electronics,489.75
1574,Product_1574,Beauty,1191.92
1575,Product_1575,Books,1778.56
1576,Product_1576,Electronics,1973.9
1577,Product_1577,Home,272.65
1578,Product_1578,Books,847.52
1579,Product_1579,Books,1369.05
1580,Product_1580,Sports,1909.36
1581,Product_1581,Electronics,43.21
1582,Product_1582,Electronics,37.45
1583,Product_1583,Fashion,89.26
1584,Product_1584,Electronics,1897.87
1585,Product_1585,Sports,1018.16
1586,Product_1586,Beauty,1428.13
1587,Product_1587,Sports,852.91
1588,Product_1588,Sports,174.03
1589,Product_1589,Books,1079.93
1590,Product_1590,Fashion,562.16
1591,Product_1591,Home,167.25
1592,Product_1592,Fashion,1948.88
1593,Product_1593,Fashion,1077.42
1594,Product_1594,Sports,1177.01
1595,Product_1595,Beauty,1365.3
1596,Product_1596,Electronics,627.24
1597,Product_1597,Sports,1462.62
1598,Product_1598,Fashion,125.23
1599,Product_1599,Electronics,1850.01
1600,Product_1600,Electronics,912.21
1601,Product_1601,Books,119.51
1602,Product_1602,Beauty,1485.97
1603,Product_1603,Beauty,359.54
1604,Product_1604,Electronics,1418.72
1605,Product_1605,Beauty,32.59
1606,Product_1606,Sports,1906.5
1607,Product_1607,Books,1039.27
1608,Product_1608,Beauty,525.9
1609,Product_1609,Home,262.59
1610,Product_1610,Home,1468.54
1611,Product_1611,Electronics,1545.15
1612,Product_1612,Electronics,676.67
1613,Product_1613,Sports,551.24
1614,Product_1614,Electronics,533.27
1615,Product_1615,Books,1258.79
1616,Product_1616,Sports,915.84
1617,Product_1617,Home,120.32
1618,Product_1618,Books,342.09
1619,Product_1619,Fashion,517.68
1620,Product_1620,Electronics,1789.59
1621,Product_1621,Beauty,1448.33
1622,Product_1622,Fashion,1484.15
1623,Product_1623,Electronics,97.64
1624,Product_1624,Electronics,496.66
1625,Product_1625,Sports,734.31
1626,Product_1626,Fashion,366.13
1627,Product_1627,Electronics,1110.2
1628,Product_1628,Beauty,1483.92
1629,Product_1629,Sports,456.79
1630,Product_1630,Fashion,838.35
1631,Product_1631,Beauty,646.67
1632,Product_1632,Electronics,1147.36
1633,Product_1633,Electronics,1009.06
1634,Product_1634,Electronics,366.9
1635,Product_1635,Books,1963.01
1636,Product_1636,Sports,147.16
1637,Product_1637,Sports,1733.4
1638,Product_1638,Home,661.33
1639,Product_1639,Books,918.92
1640,Product_1640,Home,409.34
1641,Product_1641,Books,1571.17
1642,Product_1642,Beauty,1249.21
1643,Product_1643,Sports,742.86
1644,Product_1644,Sports,1995.6
1645,Product_1645,Fashion,1467.6
1646,Product_1646,Books,1523.36
1647,Product_1647,Fashion,309.63
1648,Product_1648,Sports,57.58
1649,Product_1649,Books,699.38
1650,Product_1650,Beauty,1755.63
1651,Product_1651,Home,12.91
1652,Product_1652,Beauty,758.79
1653,Product_1653,Beauty,1457.16
1654,Product_1654,Electronics,418.34
1655,Product_1655,Fashion,845.43
1656,Product_1656,Electronics,1945.39
1657,Product_1657,Fashion,1426.19
1658,Product_1658,Electronics,97.36
1659,Product_1659,Fashion,1795.6
1660,Product_1660,Books,831.98
1661,Product_1661,Home,922.33
1662,Product_1662,Beauty,178.96
1663,Product_1663,Electronics,1015.8
1664,Product_1664,Beauty,1641.73
1665,Product_1665,Electronics,1187.87
1666,Product_1666,Electronics,875.62
1667,Product_1667,Fashion,481.18
1668,Product_1668,Home,1703.32
1669,Product_1669,Sports,1404.44
1670,Product_1670,Beauty,659.24
1671,Product_1671,Sports,551.19
1672,Product_1672,Electronics,1887.67
1673,Product_1673,Fashion,1562.07
1674,Product_1674,Books,226.86
1675,Product_1675,Electronics,337.11
1676,Product_1676,Sports,634.93
1677,Product_1677,Electronics,1076.49
1678,Product_1678,Fashion,909.31
1679,Product_1679,Sports,537.37
1680,Product_1680,Electronics,189.94
1681,Product_1681,Beauty,615.39
1682,Product_1682,Beauty,1396.79
1683,Product_1683,Electronics,437.89
1684,Product_1684,Home,305.16
1685,Product_1685,Beauty,503.96
1686,Product_1686,Home,798.53
1687,Product_1687,Electronics,1357.59
1688,Product_1688,Home,1641.98
1689,Product_1689,Fashion,71.85
1690,Product_1690,Sports,1710.66
1691,Product_1691,Books,1498.68
1692,Product_1692,Fashion,198.5
1693,Product_1693,Electronics,1609.75
1694,Product_1694,Fashion,251.69
1695,Product_1695,Electronics,1662.44
1696,Product_1696,Fashion,270.12
1697,Product_1697,Sports,750.76
1698,Product_1698,Beauty,1875.77
1699,Product_1699,Electronics,1168.82
1700,Product_1700,Home,1835.68
1701,Product_1701,Electronics,53.38
1702,Product_1702,Electronics,403.52
1703,Product_1703,Beauty,892.43
1704,Product_1704,Fashion,193.04
1705,Product_1705,Home,253.83
1706,Product_1706,Sports,110.77
1707,Product_1707,Books,871.98
1708,Product_1708,Beauty,796.05
1709,Product_1709,Electronics,771.63
1710,Product_1710,Sports,353.89
1711,Product_1711,Fashion,1817.53
1712,Product_1712,Home,566.91
1713,Product_1713,Fashion,78.95
1714,Product_1714,Books,1237.78
1715,Product_1715,Beauty,597.26
1716,Product_1716,Sports,1766.73
1717,Product_1717,Sports,131.35
1718,Product_1718,Home,772.2
1719,Product_1719,Sports,406.92
1720,Product_1720,Books,505.8
1721,Product_1721,Books,1591.74
1722,Product_1722,Sports,1566.01
1723,Product_1723,Home,964.57
1724,Product_1724,Sports,694.63
1725,Product_1725,Books,1009.76
1726,Product_1726,Sports,548.17
1727,Product_1727,Electronics,644.57
1728,Product_1728,Fashion,68.31
1729,Product_1729,Home,126.6
1730,Product_1730,Sports,1063.57
1731,Product_1731,Books,1999.22
1732,Product_1732,Fashion,209.27
1733,Product_1733,Beauty,489.89
1734,Product_1734,Books,1634.41
1735,Product_1735,Beauty,121.26
1736,Product_1736,Fashion,1155.63
1737,Product_1737,Sports,716.06
1738,Product_1738,Fashion,360.44
1739,Product_1739,Books,642.83
1740,Product_1740,Beauty,1398.28
1741,Product_1741,Books,66.13
1742,Product_1742,Beauty,709.85
1743,Product_1743,Books,1131.58
1744,Product_1744,Books,1897.25
1745,Product_1745,Sports,1088.83
1746,Product_1746,Fashion,985.97
1747,Product_1747,Electronics,121.77
1748,Product_1748,Books,445.43
1749,Product_1749,Books,961.2
1750,Product_1750,Home,1836.61
1751,Product_1751,Fashion,1614.83
1752,Product_1752,Home,1436.71
1753,Product_1753,Home,128.52
1754,Product_1754,Fashion,1177.35
1755,Product_1755,Fashion,1550.99
1756,Product_1756,Books,1722.73
1757,Product_1757,Electronics,753.45
1758,Product_1758,Beauty,797.24
1759,Product_1759,Electronics,679.76
1760,Product_1760,Home,281.54
1761,Product_1761,Fashion,1467.38
1762,Product_1762,Sports,1585.77
1763,Product_1763,Sports,1301.87
1764,Product_1764,Fashion,1417.29
1765,Product_1765,Books,1390.19
1766,Product_1766,Books,1576.11
1767,Product_1767,Fashion,1334.41
1768,Product_1768,Fashion,762.98
1769,Product_1769,Beauty,1380.11
1770,Product_1770,Fashion,363.64
1771,Product_1771,Electronics,1898.09
1772,Product_1772,Books,789.29
1773,Product_1773,Books,74.44
1774,Product_1774,Books,643.25
1775,Product_1775,Books,449.58
1776,Product_1776,Books,217.18
1777,Product_1777,Sports,289.88
1778,Product_1778,Beauty,164.84
1779,Product_1779,Home,1964.94
1780,Product_1780,Fashion,1276.01
1781,Product_1781,Electronics,1645.11
1782,Product_1782,Beauty,1281.81
1783,Product_1783,Home,898.79
1784,Product_1784,Home,427.27
1785,Product_1785,Beauty,144.91
1786,Product_1786,Home,1576.17
1787,Product_1787,Beauty,12.55
1788,Product_1788,Sports,882.06
1789,Product_1789,Sports,1938.51
1790,Product_1790,Sports,991.23
1791,Product_1791,Sports,708.95
1792,Product_1792,Sports,211.84
1793,Product_1793,Sports,1579.57
1794,Product_1794,Books,1305.43
1795,Product_1795,Beauty,458.91
1796,Product_1796,Sports,156.68
1797,Product_1797,Electronics,596.87
1798,Product_1798,Home,529.64
1799,Product_1799,Electronics,157.66
1800,Product_1800,Fashion,1776.98
1801,Product_1801,Fashion,1466.65
1802,Product_1802,Books,1884.25
1803,Product_1803,Electronics,682.52
1804,Product_1804,Books,1787.52
1805,Product_1805,Beauty,71.68
1806,Product_1806,Beauty,338.34
1807,Product_1807,Sports,322.64
1808,Product_1808,Electronics,668.88
1809,Product_1809,Fashion,824.47
1810,Product_1810,Books,1446.86
1811,Product_1811,Beauty,1084.85
1812,Product_1812,Beauty,570.23
1813,Product_1813,Fashion,200.87
1814,Product_1814,Sports,1147.82
1815,Product_1815,Sports,315.64
1816,Product_1816,Home,17.59
1817,Product_1817,Electronics,596.15
1818,Product_1818,Beauty,1253.93
1819,Product_1819,Sports,407.35
1820,Product_1820,Electronics,421.84
1821,Product_1821,Beauty,590.7
1822,Product_1822,Electronics,952.41
1823,Product_1823,Electronics,623.62
1824,Product_1824,Sports,947.18
1825,Product_1825,Beauty,537.36
1826,Product_1826,Beauty,1092.81
1827,Product_1827,Fashion,748.33
1828,Product_1828,Sports,745.11
1829,Product_1829,Sports,98.79
1830,Product_1830,Sports,935.47
1831,Product_1831,Fashion,1675.79
1832,Product_1832,Books,132.66
1833,Product_1833,Beauty,1338.26
1834,Product_1834,Electronics,1339.6
1835,Product_1835,Books,833.83
1836,Product_1836,Books,462.75
1837,Product_1837,Electronics,1683.19
1838,Product_1838,Books,843.08
1839,Product_1839,Books,1377.27
1840,Product_1840,Sports,1149.7
1841,Product_1841,Fashion,957.76
1842,Product_1842,Electronics,795.66
1843,Product_1843,Beauty,79.11
1844,Product_1844,Books,1801.91
1845,Product_1845,Books,1358.29
1846,Product_1846,Books,303.42
1847,Product_1847,Sports,354.03
1848,Product_1848,Fashion,1944.61
1849,Product_1849,Fashion,261.11
1850,Product_1850,Sports,165.95
1851,Product_1851,Beauty,876.43
1852,Product_1852,Beauty,304.28
1853,Product_1853,Books,523.19
1854,Product_1854,Beauty,1829.21
1855,Product_1855,Electronics,183.18
1856,Product_1856,Books,800.74
1857,Product_1857,Home,1714.68
1858,Product_1858,Books,921.73
1859,Product_1859,Electronics,1575.24
1860,Product_1860,Books,1179.28
1861,Product_1861,Sports,233.91
1862,Product_1862,Fashion,304.92
1863,Product_1863,Books,1169.53
1864,Product_1864,Electronics,1850.61
1865,Product_1865,Books,1561.29
1866,Product_1866,Home,1736.28
1867,Product_1867,Home,1757.01
1868,Product_1868,Home,772.26
1869,Product_1869,Sports,1148.33
1870,Product_1870,Sports,84.56
1871,Product_1871,Home,811.92
1872,Product_1872,Books,1221.22
1873,Product_1873,Beauty,809.42
1874,Product_1874,Sports,1780.25
1875,Product_1875,Home,1384.12
1876,Product_1876,Electronics,1494.04
1877,Product_1877,Home,1795.09
1878,Product_1878,Electronics,682.35
1879,Product_1879,Home,628.79
1880,Product_1880,Sports,1717.89
1881,Product_1881,Beauty,205.45
1882,Product_1882,Fashion,277.43
1883,Product_1883,Beauty,891.79
1884,Product_1884,Home,546.15
1885,Product_1885,Sports,1213.91
1886,Product_1886,Electronics,383.99
1887,Product_1887,Fashion,1827.73
1888,Product_1888,Sports,1484.48
1889,Product_1889,Books,1735.71
1890,Product_1890,Electronics,1035.39
1891,Product_1891,Fashion,140.58
1892,Product_1892,Beauty,1018.52
1893,Product_1893,Fashion,1563.23
1894,Product_1894,Books,1759.87
1895,Product_1895,Electronics,355.74
1896,Product_1896,Fashion,1675.58
1897,Product_1897,Fashion,75.81
1898,Product_1898,Electronics,1836.88
1899,Product_1899,Beauty,406.23
1900,Product_1900,Home,1648.78
1901,Product_1901,Books,799.92
1902,Product_1902,Electronics,1365.54
1903,Product_1903,Fashion,751.21
1904,Product_1904,Books,897.75
1905,Product_1905,Sports,1177.89
1906,Product_1906,Home,695.06
1907,Product_1907,Home,1500.43
1908,Product_1908,Beauty,189.88
1909,Product_1909,Electronics,779.27
1910,Product_1910,Fashion,1709.1
1911,Product_1911,Fashion,1715.65
1912,Product_1912,Beauty,457.97
1913,Product_1913,Fashion,545.48
1914,Product_1914,Sports,1031.43
1915,Product_1915,Beauty,27.71
1916,Product_1916,Fashion,1298.27
1917,Product_1917,Books,1603.72
1918,Product_1918,Fashion,512.26
1919,Product_1919,Home,1428.35
1920,Product_1920,Beauty,1289.05
1921,Product_1921,Sports,1792.01
1922,Product_1922,Home,923.41
1923,Product_1923,Fashion,938.73
1924,Product_1924,Beauty,1046.07
1925,Product_1925,Books,800.33
1926,Product_1926,Electronics,24.62
1927,Product_1927,Beauty,1933.31
1928,Product_1928,Home,1127.3
1929,Product_1929,Books,1222.01
1930,Product_1930,Home,1371.98
1931,Product_1931,Sports,137.04
1932,Product_1932,Home,1284.78
1933,Product_1933,Home,529.68
1934,Product_1934,Beauty,1904.85
1935,Product_1935,Beauty,604.59
1936,Product_1936,Fashion,1039.41
1937,Product_1937,Fashion,1800.38
1938,Product_1938,Books,814.16
1939,Product_1939,Home,1364.7
1940,Product_1940,Beauty,60.66
1941,Product_1941,Sports,1994.96
1942,Product_1942,Home,1814.75
1943,Product_1943,Sports,782.67
1944,Product_1944,Electronics,1170.22
1945,Product_1945,Books,1633.87
1946,Product_1946,Home,1455.83
1947,Product_1947,Fashion,1375.77
1948,Product_1948,Beauty,1571.95
1949,Product_1949,Beauty,723.41
1950,Product_1950,Home,1692.38
1951,Product_1951,Beauty,1754.22
1952,Product_1952,Fashion,594.63
1953,Product_1953,Sports,264.61
1954,Product_1954,Home,1453.12
1955,Product_1955,Books,1528.21
1956,Product_1956,Fashion,1894.38
1957,Product_1957,Home,1312.32
1958,Product_1958,Fashion,717.01
1959,Product_1959,Beauty,1744.15
1960,Product_1960,Sports,1578.3
1961,Product_1961,Home,749.65
1962,Product_1962,Books,595.16
1963,Product_1963,Electronics,946.37
1964,Product_1964,Beauty,1171.31
1965,Product_1965,Books,151.72
1966,Product_1966,Fashion,1005.95
1967,Product_1967,Beauty,769.52
1968,Product_1968,Home,832.08
1969,Product_1969,Fashion,283.36
1970,Product_1970,Fashion,691.91
1971,Product_1971,Books,1786.76
1972,Product_1972,Sports,295.02
1973,Product_1973,Beauty,368.91
1974,Product_1974,Electronics,980.29
1975,Product_1975,Beauty,1973.41
1976,Product_1976,Home,1272.65
1977,Product_1977,Electronics,909.59
1978,Product_1978,Fashion,1524.77
1979,Product_1979,Fashion,1156.8
1980,Product_1980,Fashion,984.26
1981,Product_1981,Electronics,267.52
1982,Product_1982,Sports,1270.64
1983,Product_1983,Sports,863.76
1984,Product_1984,Sports,772.8
1985,Product_1985,Electronics,1072.23
1986,Product_1986,Beauty,752.47
1987,Product_1987,Electronics,1785.09
1988,Product_1988,Books,389.25
1989,Product_1989,Beauty,18.21
1990,Product_1990,Beauty,505.16
1991,Product_1991,Beauty,1755.2
1992,Product_1992,Home,266.57
1993,Product_1993,Sports,1011.64
1994,Product_1994,Home,342.37
1995,Product_1995,Electronics,603.42
1996,Product_1996,Home,917.29
1997,Product_1997,Books,1196.78
1998,Product_1998,Home,872.99
1999,Product_1999,Beauty,1990.99
2000,Product_2000,Home,1992.32
2001,Product_2001,Sports,724.91
2002,Product_2002,Fashion,338.12
2003,Product_2003,Sports,48.06
2004,Product_2004,Fashion,1457.07
2005,Product_2005,Fashion,430.27
2006,Product_2006,Electronics,1183.49
2007,Product_2007,Fashion,255.09
2008,Product_2008,Beauty,1304.58
2009,Product_2009,Electronics,756.63
2010,Product_2010,Beauty,519.02
2011,Product_2011,Books,1250.04
2012,Product_2012,Books,1989.41
2013,Product_2013,Beauty,225.15
2014,Product_2014,Electronics,105.99
2015,Product_2015,Electronics,839.38
2016,Product_2016,Sports,255.95
2017,Product_2017,Home,954.05
2018,Product_2018,Fashion,418.93
2019,Product_2019,Beauty,1264.32
2020,Product_2020,Home,847.53
2021,Product_2021,Electronics,1328.34
2022,Product_2022,Home,1249.37
2023,Product_2023,Beauty,282.96
2024,Product_2024,Electronics,1028.05
2025,Product_2025,Books,244.29
2026,Product_2026,Electronics,1571.67
2027,Product_2027,Sports,405.31
2028,Product_2028,Fashion,1558.14
2029,Product_2029,Books,1946.51
2030,Product_2030,Home,1409.84
2031,Product_2031,Home,329.14
2032,Product_2032,Books,997.75
2033,Product_2033,Fashion,1379.53
2034,Product_2034,Sports,667.9
2035,Product_2035,Electronics,35.37
2036,Product_2036,Electronics,1814.69
2037,Product_2037,Books,1341.35
2038,Product_2038,Fashion,1899.4
2039,Product_2039,Books,159.35
2040,Product_2040,Beauty,211.57
2041,Product_2041,Home,1292.23
2042,Product_2042,Sports,1977.45
2043,Product_2043,Home,535.61
2044,Product_2044,Electronics,208.62
2045,Product_2045,Fashion,1749.54
2046,Product_2046,Home,726.83
2047,Product_2047,Beauty,632.29
2048,Product_2048,Beauty,240.64
2049,Product_2049,Electronics,29.25
2050,Product_2050,Fashion,1330.08
2051,Product_2051,Fashion,664.04
2052,Product_2052,Sports,1910.63
2053,Product_2053,Home,1758.17
2054,Product_2054,Electronics,751.52
2055,Product_2055,Home,373.91
2056,Product_2056,Sports,806.5
2057,Product_2057,Sports,550.95
2058,Product_2058,Sports,1382.91
2059,Product_2059,Sports,1601.8
2060,Product_2060,Beauty,1773.39
2061,Product_2061,Fashion,234.98
2062,Product_2062,Beauty,1455.56
2063,Product_2063,Fashion,216.39
2064,Product_2064,Books,970.52
2065,Product_2065,Books,1360.0
2066,Product_2066,Fashion,1226.53
2067,Product_2067,Home,1226.6
2068,Product_2068,Beauty,1761.1
2069,Product_2069,Beauty,1947.15
2070,Product_2070,Fashion,971.33
2071,Product_2071,Sports,234.75
2072,Product_2072,Sports,886.97
2073,Product_2073,Electronics,530.61
2074,Product_2074,Home,34.6
2075,Product_2075,Beauty,1054.39
2076,Product_2076,Beauty,1157.53
2077,Product_2077,Books,455.73
2078,Product_2078,Beauty,1747.56
2079,Product_2079,Books,1050.98
2080,Product_2080,Beauty,1240.3
2081,Product_2081,Sports,1326.81
2082,Product_2082,Fashion,969.04
2083,Product_2083,Beauty,1355.83
2084,Product_2084,Sports,305.82
2085,Product_2085,Books,1785.2
2086,Product_2086,Books,118.59
2087,Product_2087,Beauty,1869.4
2088,Product_2088,Books,1699.2
2089,Product_2089,Sports,1740.14
2090,Product_2090,Electronics,1505.35
2091,Product_2091,Home,489.37
2092,Product_2092,Home,110.2
2093,Product_2093,Fashion,1105.49
2094,Product_2094,Sports,812.52
2095,Product_2095,Fashion,166.87
2096,Product_2096,Sports,1604.51
2097,Product_2097,Sports,185.16
2098,Product_2098,Sports,899.67
2099,Product_2099,Electronics,1961.53
2100,Product_2100,Beauty,1310.21
2101,Product_2101,Electronics,812.84
2102,Product_2102,Electronics,1118.69
2103,Product_2103,Electronics,1653.56
2104,Product_2104,Books,1926.71
2105,Product_2105,Beauty,616.15
2106,Product_2106,Books,1129.04
2107,Product_2107,Beauty,1346.23
2108,Product_2108,Home,733.05
2109,Product_2109,Electronics,1635.01
2110,Product_2110,Sports,670.63
2111,Product_2111,Books,1203.9
2112,Product_2112,Beauty,1317.76
2113,Product_2113,Beauty,910.54
2114,Product_2114,Electronics,1521.05
2115,Product_2115,Fashion,14.37
2116,Product_2116,Home,1661.47
2117,Product_2117,Home,1099.9
2118,Product_2118,Home,1407.17
2119,Product_2119,Electronics,1794.79
2120,Product_2120,Sports,289.49
2121,Product_2121,Beauty,1487.6
2122,Product_2122,Sports,222.85
2123,Product_2123,Books,399.88
2124,Product_2124,Electronics,1861.13
2125,Product_2125,Sports,439.02
2126,Product_2126,Fashion,1436.41
2127,Product_2127,Electronics,1516.73
2128,Product_2128,Electronics,1853.99
2129,Product_2129,Beauty,1181.73
2130,Product_2130,Sports,920.2
2131,Product_2131,Books,1912.82
2132,Product_2132,Fashion,1928.07
2133,Product_2133,Electronics,1065.43
2134,Product_2134,Electronics,1110.92
2135,Product_2135,Sports,1679.24
2136,Product_2136,Sports,1849.5
2137,Product_2137,Fashion,1386.72
2138,Product_2138,Fashion,1463.68
2139,Product_2139,Fashion,216.07
2140,Product_2140,Beauty,1205.09
2141,Product_2141,Home,1013.18
2142,Product_2142,Sports,843.14
2143,Product_2143,Books,1832.66
2144,Product_2144,Fashion,554.46
2145,Product_2145,Home,1941.28
2146,Product_2146,Sports,1611.55
2147,Product_2147,Fashion,831.36
2148,Product_2148,Beauty,1774.01
2149,Product_2149,Books,604.84
2150,Product_2150,Beauty,1100.13
2151,Product_2151,Home,1426.63
2152,Product_2152,Books,1268.84
2153,Product_2153,Fashion,427.33
2154,Product_2154,Beauty,588.25
2155,Product_2155,Home,1843.17
2156,Product_2156,Fashion,1962.86
2157,Product_2157,Beauty,1950.61
2158,Product_2158,Fashion,1012.75
2159,Product_2159,Beauty,1277.39
2160,Product_2160,Beauty,239.66
2161,Product_2161,Home,1128.94
2162,Product_2162,Books,1145.57
2163,Product_2163,Beauty,1423.15
2164,Product_2164,Beauty,1498.26
2165,Product_2165,Books,579.0
2166,Product_2166,Sports,1618.53
2167,Product_2167,Books,221.88
2168,Product_2168,Sports,299.2
2169,Product_2169,Beauty,122.64
2170,Product_2170,Home,1502.87
2171,Product_2171,Fashion,1967.23
2172,Product_2172,Beauty,508.62
2173,Product_2173,Electronics,1384.28
2174,Product_2174,Home,415.96
2175,Product_2175,Books,74.29
2176,Product_2176,Sports,213.94
2177,Product_2177,Beauty,1481.59
2178,Product_2178,Fashion,1487.4
2179,Product_2179,Books,783.88
2180,Product_2180,Books,1570.77
2181,Product_2181,Beauty,582.4
2182,Product_2182,Beauty,103.49
2183,Product_2183,Sports,781.23
2184,Product_2184,Beauty,632.18
2185,Product_2185,Books,117.07
2186,Product_2186,Beauty,510.17
2187,Product_2187,Books,1739.01
2188,Product_2188,Sports,1661.67
2189,Product_2189,Beauty,1412.21
2190,Product_2190,Beauty,741.8
2191,Product_2191,Books,1097.76
2192,Product_2192,Books,400.97
2193,Product_2193,Beauty,1928.94
2194,Product_2194,Home,903.14
2195,Product_2195,Beauty,158.19
2196,Product_2196,Fashion,1472.81
2197,Product_2197,Electronics,760.62
2198,Product_2198,Sports,565.43
2199,Product_2199,Home,268.83
2200,Product_2200,Books,1693.57
2201,Product_2201,Electronics,667.82
2202,Product_2202,Beauty,1875.61
2203,Product_2203,Electronics,315.87
2204,Product_2204,Home,1197.79
2205,Product_2205,Beauty,1235.06
2206,Product_2206,Beauty,609.3
2207,Product_2207,Books,1104.82
2208,Product_2208,Electronics,1570.22
2209,Product_2209,Home,1055.54
2210,Product_2210,Fashion,1046.01
2211,Product_2211,Books,327.15
2212,Product_2212,Books,1078.7
2213,Product_2213,Electronics,705.31
2214,Product_2214,Fashion,1330.04
2215,Product_2215,Home,727.99
2216,Product_2216,Fashion,1901.11
2217,Product_2217,Books,1065.69
2218,Product_2218,Books,1649.14
2219,Product_2219,Beauty,27.52
2220,Product_2220,Beauty,698.55
2221,Product_2221,Fashion,1809.95
2222,Product_2222,Books,1838.03
2223,Product_2223,Fashion,1918.2
2224,Product_2224,Beauty,1772.46
2225,Product_2225,Sports,1832.71
2226,Product_2226,Electronics,777.89
2227,Product_2227,Books,1450.71
2228,Product_2228,Electronics,1823.56
2229,Product_2229,Home,1033.48
2230,Product_2230,Books,896.66
2231,Product_2231,Electronics,599.9
2232,Product_2232,Beauty,393.1
2233,Product_2233,Books,173.87
2234,Product_2234,Electronics,343.12
2235,Product_2235,Books,1071.08
2236,Product_2236,Beauty,140.29
2237,Product_2237,Beauty,1262.73
2238,Product_2238,Fashion,1731.25
2239,Product_2239,Sports,1672.97
2240,Product_2240,Fashion,1080.13
2241,Product_2241,Beauty,1758.49
2242,Product_2242,Beauty,1552.66
2243,Product_2243,Beauty,1635.34
2244,Product_2244,Electronics,1496.31
2245,Product_2245,Fashion,57.27
2246,Product_2246,Beauty,670.11
2247,Product_2247,Electronics,155.76
2248,Product_2248,Fashion,1590.49
2249,Product_2249,Books,150.18
2250,Product_2250,Fashion,1822.86
2251,Product_2251,Sports,782.18
2252,Product_2252,Beauty,814.85
2253,Product_2253,Home,43.61
2254,Product_2254,Beauty,245.43
2255,Product_2255,Electronics,1286.43
2256,Product_2256,Books,135.84
2257,Product_2257,Beauty,1175.36
2258,Product_2258,Beauty,1698.02
2259,Product_2259,Home,1856.82
2260,Product_2260,Electronics,586.77
2261,Product_2261,Beauty,609.69
2262,Product_2262,Electronics,570.22
2263,Product_2263,Sports,769.01
2264,Product_2264,Beauty,71.33
2265,Product_2265,Fashion,1071.6
2266,Product_2266,Fashion,1496.04
2267,Product_2267,Books,597.01
2268,Product_2268,Beauty,296.71
2269,Product_2269,Beauty,1775.09
2270,Product_2270,Beauty,1299.4
2271,Product_2271,Electronics,1111.51
2272,Product_2272,Books,291.33
2273,Product_2273,Electronics,20.01
2274,Product_2274,Books,794.22
2275,Product_2275,Books,1894.49
2276,Product_2276,Home,428.01
2277,Product_2277,Beauty,1808.06
2278,Product_2278,Home,431.36
2279,Product_2279,Beauty,1704.4
2280,Product_2280,Fashion,330.3
2281,Product_2281,Fashion,1237.6
2282,Product_2282,Home,396.71
2283,Product_2283,Fashion,1345.25
2284,Product_2284,Books,1705.98
2285,Product_2285,Books,927.92
2286,Product_2286,Books,155.56
2287,Product_2287,Beauty,144.05
2288,Product_2288,Electronics,402.86
2289,Product_2289,Books,979.51
2290,Product_2290,Home,720.71
2291,Product_2291,Beauty,1314.39
2292,Product_2292,Electronics,577.42
2293,Product_2293,Electronics,1801.24
2294,Product_2294,Home,976.86
2295,Product_2295,Home,1236.52
2296,Product_2296,Home,1389.98
2297,Product_2297,Fashion,1135.45
2298,Product_2298,Home,1617.32
2299,Product_2299,Sports,345.59
2300,Product_2300,Home,499.89
2301,Product_2301,Fashion,1427.28
2302,Product_2302,Beauty,877.89
2303,Product_2303,Home,277.27
2304,Product_2304,Beauty,669.81
2305,Product_2305,Sports,931.07
2306,Product_2306,Home,1551.79
2307,Product_2307,Sports,1107.83
2308,Product_2308,Fashion,1294.65
2309,Product_2309,Electronics,1685.17
2310,Product_2310,Fashion,1783.68
2311,Product_2311,Fashion,533.84
2312,Product_2312,Beauty,162.16
2313,Product_2313,Electronics,1785.29
2314,Product_2314,Books,1266.94
2315,Product_2315,Books,1162.01
2316,Product_2316,Books,433.39
2317,Product_2317,Electronics,1107.67
2318,Product_2318,Books,1789.03
2319,Product_2319,Books,949.49
2320,Product_2320,Fashion,737.98
2321,Product_2321,Fashion,1783.96
2322,Product_2322,Books,1469.12
2323,Product_2323,Home,276.42
2324,Product_2324,Books,1025.72
2325,Product_2325,Sports,734.09
2326,Product_2326,Electronics,1328.73
2327,Product_2327,Books,1371.48
2328,Product_2328,Books,289.34
2329,Product_2329,Fashion,366.5
2330,Product_2330,Books,1322.23
2331,Product_2331,Fashion,1474.48
2332,Product_2332,Sports,1878.96
2333,Product_2333,Electronics,445.45
2334,Product_2334,Sports,471.18
2335,Product_2335,Home,745.18
2336,Product_2336,Electronics,1340.49
2337,Product_2337,Books,1816.37
2338,Product_2338,Home,782.31
2339,Product_2339,Sports,1764.29
2340,Product_2340,Electronics,1961.37
2341,Product_2341,Home,215.42
2342,Product_2342,Books,1270.8
2343,Product_2343,Home,1671.4
2344,Product_2344,Home,1161.48
2345,Product_2345,Books,355.96
2346,Product_2346,Beauty,763.25
2347,Product_2347,Books,1310.14
2348,Product_2348,Electronics,1038.16
2349,Product_2349,Sports,1945.62
2350,Product_2350,Fashion,1037.58
2351,Product_2351,Home,1636.3
2352,Product_2352,Home,978.85
2353,Product_2353,Sports,1775.47
2354,Product_2354,Electronics,1008.66
2355,Product_2355,Fashion,885.4
2356,Product_2356,Fashion,163.41
2357,Product_2357,Beauty,568.81
2358,Product_2358,Fashion,381.94
2359,Product_2359,Home,1208.02
2360,Product_2360,Electronics,1325.61
2361,Product_2361,Sports,1624.23
2362,Product_2362,Beauty,235.54
2363,Product_2363,Beauty,962.84
2364,Product_2364,Fashion,1185.67
2365,Product_2365,Beauty,1668.4
2366,Product_2366,Electronics,494.9
2367,Product_2367,Fashion,1151.24
2368,Product_2368,Fashion,278.1
2369,Product_2369,Books,87.99
2370,Product_2370,Books,302.26
2371,Product_2371,Fashion,523.94
2372,Product_2372,Fashion,1038.11
2373,Product_2373,Sports,1202.72
2374,Product_2374,Books,1278.87
2375,Product_2375,Beauty,1458.67
2376,Product_2376,Home,1895.04
2377,Product_2377,Fashion,903.91
2378,Product_2378,Sports,1735.93
2379,Product_2379,Fashion,446.53
2380,Product_2380,Sports,1205.67
2381,Product_2381,Books,1642.7
2382,Product_2382,Fashion,1250.19
2383,Product_2383,Books,536.4
2384,Product_2384,Beauty,1374.33
2385,Product_2385,Sports,1197.1
2386,Product_2386,Electronics,467.33
2387,Product_2387,Sports,273.1
2388,Product_2388,Electronics,412.67
2389,Product_2389,Books,1371.89
2390,Product_2390,Fashion,1214.97
2391,Product_2391,Fashion,956.98
2392,Product_2392,Books,1203.63
2393,Product_2393,Books,1011.63
2394,Product_2394,Electronics,195.45
2395,Product_2395,Beauty,269.35
2396,Product_2396,Books,1083.18
2397,Product_2397,Electronics,1794.97
2398,Product_2398,Beauty,1301.97
2399,Product_2399,Books,847.16
2400,Product_2400,Electronics,1398.31
2401,Product_2401,Sports,466.68
2402,Product_2402,Sports,1581.22
2403,Product_2403,Sports,707.53
2404,Product_2404,Beauty,1816.64
2405,Product_2405,Beauty,1156.48
2406,Product_2406,Sports,276.43
2407,Product_2407,Sports,1534.06
2408,Product_2408,Electronics,573.7
2409,Product_2409,Books,823.21
2410,Product_2410,Fashion,20.88
2411,Product_2411,Beauty,1580.95
2412,Product_2412,Books,1049.86
2413,Product_2413,Books,24.32
2414,Product_2414,Beauty,418.78
2415,Product_2415,Home,823.6
2416,Product_2416,Electronics,318.01
2417,Product_2417,Beauty,1174.89
2418,Product_2418,Home,1711.4
2419,Product_2419,Sports,1133.69
2420,Product_2420,Books,558.37
2421,Product_2421,Beauty,800.93
2422,Product_2422,Fashion,832.32
2423,Product_2423,Books,970.11
2424,Product_2424,Home,1122.6
2425,Product_2425,Sports,515.02
2426,Product_2426,Home,1159.53
2427,Product_2427,Beauty,802.28
2428,Product_2428,Fashion,1711.45
2429,Product_2429,Beauty,246.98
2430,Product_2430,Fashion,898.72
2431,Product_2431,Beauty,1899.0
2432,Product_2432,Electronics,436.77
2433,Product_2433,Sports,1574.3
2434,Product_2434,Books,1231.91
2435,Product_2435,Beauty,1416.51
2436,Product_2436,Fashion,784.32
2437,Product_2437,Beauty,20.53
2438,Product_2438,Electronics,1648.28
2439,Product_2439,Sports,1852.46
2440,Product_2440,Sports,185.4
2441,Product_2441,Home,451.32
2442,Product_2442,Electronics,1221.97
2443,Product_2443,Beauty,774.81
2444,Product_2444,Sports,1231.79
2445,Product_2445,Books,580.07
2446,Product_2446,Books,124.35
2447,Product_2447,Fashion,1284.18
2448,Product_2448,Sports,31.31
2449,Product_2449,Beauty,1862.21
2450,Product_2450,Books,579.15
2451,Product_2451,Electronics,1570.08
2452,Product_2452,Books,1036.47
2453,Product_2453,Fashion,1234.23
2454,Product_2454,Beauty,81.76
2455,Product_2455,Fashion,1313.49
2456,Product_2456,Fashion,182.82
2457,Product_2457,Home,1561.55
2458,Product_2458,Home,1342.63
2459,Product_2459,Sports,1176.3
2460,Product_2460,Books,40.58
2461,Product_2461,Beauty,146.55
2462,Product_2462,Electronics,1103.69
2463,Product_2463,Beauty,1661.23
2464,Product_2464,Books,702.71
2465,Product_2465,Home,460.33
2466,Product_2466,Fashion,914.97
2467,Product_2467,Sports,1154.06
2468,Product_2468,Home,358.32
2469,Product_2469,Books,221.87
2470,Product_2470,Electronics,1011.31
2471,Product_2471,Home,1894.56
2472,Product_2472,Books,1913.85
2473,Product_2473,Books,1628.16
2474,Product_2474,Books,507.78
2475,Product_2475,Sports,1932.45
2476,Product_2476,Books,972.42
2477,Product_2477,Fashion,1517.37
2478,Product_2478,Sports,1366.37
2479,Product_2479,Books,1725.43
2480,Product_2480,Sports,241.37
2481,Product_2481,Electronics,771.52
2482,Product_2482,Fashion,1357.06
2483,Product_2483,Fashion,1602.32
2484,Product_2484,Sports,1911.34
2485,Product_2485,Books,1075.95
2486,Product_2486,Beauty,1666.03
2487,Product_2487,Fashion,581.71
2488,Product_2488,Sports,1350.66
2489,Product_2489,Home,161.3
2490,Product_2490,Fashion,958.35
2491,Product_2491,Home,444.95
2492,Product_2492,Books,545.46
2493,Product_2493,Beauty,1369.38
2494,Product_2494,Fashion,1003.01
2495,Product_2495,Fashion,477.37
2496,Product_2496,Fashion,1746.76
2497,Product_2497,Fashion,466.12
2498,Product_2498,Fashion,1674.31
2499,Product_2499,Home,320.43
2500,Product_2500,Electronics,248.56
2501,Product_2501,Electronics,1354.87
2502,Product_2502,Beauty,990.4
2503,Product_2503,Electronics,1530.85
2504,Product_2504,Books,1916.41
2505,Product_2505,Sports,748.68
2506,Product_2506,Home,989.76
2507,Product_2507,Books,1738.85
2508,Product_2508,Sports,373.92
2509,Product_2509,Books,567.73
2510,Product_2510,Fashion,1502.84
2511,Product_2511,Fashion,117.75
2512,Product_2512,Sports,961.86
2513,Product_2513,Books,74.8
2514,Product_2514,Home,793.5
2515,Product_2515,Beauty,1554.05
2516,Product_2516,Sports,1953.25
2517,Product_2517,Beauty,1041.23
2518,Product_2518,Home,1381.53
2519,Product_2519,Electronics,1351.47
2520,Product_2520,Sports,1166.21
2521,Product_2521,Home,729.59
2522,Product_2522,Home,382.43
2523,Product_2523,Home,481.91
2524,Product_2524,Sports,1917.47
2525,Product_2525,Home,738.19
2526,Product_2526,Sports,853.65
2527,Product_2527,Sports,1404.42
2528,Product_2528,Home,736.51
2529,Product_2529,Sports,566.46
2530,Product_2530,Fashion,1147.11
2531,Product_2531,Books,1375.16
2532,Product_2532,Electronics,1444.42
2533,Product_2533,Fashion,1115.13
2534,Product_2534,Sports,400.17
2535,Product_2535,Beauty,307.6
2536,Product_2536,Electronics,361.45
2537,Product_2537,Sports,277.6
2538,Product_2538,Beauty,1038.84
2539,Product_2539,Beauty,638.3
2540,Product_2540,Sports,607.07
2541,Product_2541,Books,1718.42
2542,Product_2542,Electronics,802.82
2543,Product_2543,Beauty,335.05
2544,Product_2544,Fashion,1629.5
2545,Product_2545,Sports,1679.55
2546,Product_2546,Electronics,905.21
2547,Product_2547,Home,526.94
2548,Product_2548,Home,1125.1
2549,Product_2549,Home,694.84
2550,Product_2550,Sports,251.26
2551,Product_2551,Beauty,1926.6
2552,Product_2552,Fashion,1157.94
2553,Product_2553,Beauty,1301.77
2554,Product_2554,Fashion,1958.95
2555,Product_2555,Home,716.67
2556,Product_2556,Beauty,1025.78
2557,Product_2557,Beauty,899.39
2558,Product_2558,Electronics,768.33
2559,Product_2559,Home,932.87
2560,Product_2560,Fashion,1737.83
2561,Product_2561,Beauty,1617.36
2562,Product_2562,Home,849.41
2563,Product_2563,Books,1147.56
2564,Product_2564,Electronics,167.43
2565,Product_2565,Home,464.15
2566,Product_2566,Home,1309.5
2567,Product_2567,Beauty,542.27
2568,Product_2568,Beauty,796.96
2569,Product_2569,Sports,1564.14
2570,Product_2570,Home,1498.31
2571,Product_2571,Books,1931.4
2572,Product_2572,Sports,342.96
2573,Product_2573,Electronics,258.83
2574,Product_2574,Fashion,1327.42
2575,Product_2575,Beauty,1404.39
2576,Product_2576,Electronics,429.04
2577,Product_2577,Sports,214.99
2578,Product_2578,Electronics,1874.22
2579,Product_2579,Sports,1101.38
2580,Product_2580,Electronics,1544.16
2581,Product_2581,Books,1532.34
2582,Product_2582,Electronics,216.82
2583,Product_2583,Books,319.0
2584,Product_2584,Beauty,1863.86
2585,Product_2585,Sports,625.65
2586,Product_2586,Fashion,1477.81
2587,Product_2587,Sports,1256.7
2588,Product_2588,Fashion,1058.22
2589,Product_2589,Fashion,66.86
2590,Product_2590,Beauty,720.11
2591,Product_2591,Home,1729.84
2592,Product_2592,Sports,1950.21
2593,Product_2593,Books,1870.37
2594,Product_2594,Books,895.24
2595,Product_2595,Beauty,1083.18
2596,Product_2596,Books,1199.19
2597,Product_2597,Beauty,1500.33
2598,Product_2598,Books,875.6
2599,Product_2599,Beauty,1282.66
2600,Product_2600,Home,1818.76
2601,Product_2601,Sports,1083.94
2602,Product_2602,Electronics,889.3
2603,Product_2603,Home,830.29
2604,Product_2604,Fashion,614.11
2605,Product_2605,Electronics,1051.4
2606,Product_2606,Fashion,694.33
2607,Product_2607,Sports,1074.85
2608,Product_2608,Beauty,1844.96
2609,Product_2609,Sports,606.22
2610,Product_2610,Sports,1597.95
2611,Product_2611,Books,470.12
2612,Product_2612,Electronics,1100.94
2613,Product_2613,Fashion,829.35
2614,Product_2614,Books,879.84
2615,Product_2615,Fashion,334.91
2616,Product_2616,Beauty,1295.52
2617,Product_2617,Sports,448.98
2618,Product_2618,Electronics,850.26
2619,Product_2619,Fashion,1038.05
2620,Product_2620,Books,1617.07
2621,Product_2621,Beauty,551.01
2622,Product_2622,Beauty,1488.42
2623,Product_2623,Home,831.68
2624,Product_2624,Electronics,372.99
2625,Product_2625,Home,229.61
2626,Product_2626,Sports,1239.28
2627,Product_2627,Home,1403.94
2628,Product_2628,Sports,383.7
2629,Product_2629,Electronics,312.78
2630,Product_2630,Books,54.04
2631,Product_2631,Electronics,571.41
2632,Product_2632,Fashion,1433.24
2633,Product_2633,Beauty,26.33
2634,Product_2634,Electronics,309.86
2635,Product_2635,Sports,442.2
2636,Product_2636,Sports,630.04
2637,Product_2637,Sports,1995.95
2638,Product_2638,Sports,1396.9
2639,Product_2639,Electronics,667.19
2640,Product_2640,Fashion,121.52
2641,Product_2641,Sports,152.06
2642,Product_2642,Sports,371.39
2643,Product_2643,Home,1636.33
2644,Product_2644,Electronics,252.7
2645,Product_2645,Beauty,505.44
2646,Product_2646,Sports,501.85
2647,Product_2647,Electronics,406.37
2648,Product_2648,Beauty,1544.28
2649,Product_2649,Books,1335.36
2650,Product_2650,Fashion,950.92
2651,Product_2651,Beauty,1922.82
2652,Product_2652,Home,325.64
2653,Product_2653,Beauty,93.95
2654,Product_2654,Books,1046.64
2655,Product_2655,Home,967.65
2656,Product_2656,Home,405.46
2657,Product_2657,Electronics,1728.68
2658,Product_2658,Fashion,1946.82
2659,Product_2659,Fashion,1269.49
2660,Product_2660,Home,39.98
2661,Product_2661,Home,1173.55
2662,Product_2662,Sports,1580.4
2663,Product_2663,Electronics,1937.98
2664,Product_2664,Books,1569.12
2665,Product_2665,Sports,1379.93
2666,Product_2666,Fashion,749.08
2667,Product_2667,Electronics,504.96
2668,Product_2668,Sports,191.89
2669,Product_2669,Books,683.46
2670,Product_2670,Beauty,129.5
2671,Product_2671,Home,1292.7
2672,Product_2672,Beauty,1077.34
2673,Product_2673,Electronics,260.4
2674,Product_2674,Fashion,640.31
2675,Product_2675,Books,1579.24
2676,Product_2676,Home,1613.0
2677,Product_2677,Sports,1469.05
2678,Product_2678,Electronics,1381.61
2679,Product_2679,Home,1451.55
2680,Product_2680,Home,1798.34
2681,Product_2681,Sports,1416.19
2682,Product_2682,Books,596.48
2683,Product_2683,Beauty,985.28
2684,Product_2684,Books,381.39
2685,Product_2685,Home,654.12
2686,Product_2686,Sports,557.9
2687,Product_2687,Books,1829.8
2688,Product_2688,Books,329.08
2689,Product_2689,Books,318.5
2690,Product_2690,Home,1640.64
2691,Product_2691,Books,740.55
2692,Product_2692,Electronics,1554.08
2693,Product_2693,Books,764.3
2694,Product_2694,Fashion,1767.04
2695,Product_2695,Books,1715.09
2696,Product_2696,Books,485.19
2697,Product_2697,Beauty,136.05
2698,Product_2698,Books,1639.91
2699,Product_2699,Fashion,1052.9
2700,Product_2700,Sports,1533.81
2701,Product_2701,Fashion,1229.95
2702,Product_2702,Home,825.51
2703,Product_2703,Home,229.82
2704,Product_2704,Books,1321.19
2705,Product_2705,Electronics,1672.03
2706,Product_2706,Fashion,365.49
2707,Product_2707,Electronics,412.14
2708,Product_2708,Sports,391.32
2709,Product_2709,Electronics,1146.31
2710,Product_2710,Sports,1319.26
2711,Product_2711,Books,1251.7
2712,Product_2712,Books,519.32
2713,Product_2713,Home,449.24
2714,Product_2714,Beauty,151.04
2715,Product_2715,Fashion,1314.94
2716,Product_2716,Electronics,941.44
2717,Product_2717,Beauty,130.79
2718,Product_2718,Books,1489.52
2719,Product_2719,Sports,1645.83
2720,Product_2720,Beauty,126.02
2721,Product_2721,Books,538.97
2722,Product_2722,Electronics,1471.26
2723,Product_2723,Home,165.09
2724,Product_2724,Fashion,1921.57
2725,Product_2725,Electronics,211.44
2726,Product_2726,Fashion,1068.01
2727,Product_2727,Fashion,394.31
2728,Product_2728,Beauty,505.04
2729,Product_2729,Beauty,1895.53
2730,Product_2730,Books,1500.9
2731,Product_2731,Sports,1494.76
2732,Product_2732,Beauty,1157.36
2733,Product_2733,Beauty,922.85
2734,Product_2734,Beauty,859.88
2735,Product_2735,Electronics,341.95
2736,Product_2736,Fashion,1104.43
2737,Product_2737,Books,681.65
2738,Product_2738,Fashion,1072.46
2739,Product_2739,Books,891.59
2740,Product_2740,Home,1805.95
2741,Product_2741,Books,1983.01
2742,Product_2742,Home,1691.26
2743,Product_2743,Sports,1530.73
2744,Product_2744,Sports,1654.05
2745,Product_2745,Home,1220.74
2746,Product_2746,Books,1095.8
2747,Product_2747,Sports,1533.76
2748,Product_2748,Beauty,515.64
2749,Product_2749,Sports,900.52
2750,Product_2750,Sports,10.39
2751,Product_2751,Electronics,1966.08
2752,Product_2752,Books,42.44
2753,Product_2753,Fashion,1986.89
2754,Product_2754,Home,23.07
2755,Product_2755,Fashion,437.5
2756,Product_2756,Home,53.19
2757,Product_2757,Beauty,1646.45
2758,Product_2758,Books,1027.43
2759,Product_2759,Books,1852.59
2760,Product_2760,Fashion,197.63
2761,Product_2761,Sports,717.75
2762,Product_2762,Fashion,537.33
2763,Product_2763,Books,507.22
2764,Product_2764,Home,1624.04
2765,Product_2765,Electronics,1145.27
2766,Product_2766,Books,1836.58
2767,Product_2767,Beauty,163.63
2768,Product_2768,Home,1587.88
2769,Product_2769,Fashion,981.67
2770,Product_2770,Beauty,1408.67
2771,Product_2771,Electronics,1194.51
2772,Product_2772,Home,84.37
2773,Product_2773,Books,769.28
2774,Product_2774,Electronics,1844.52
2775,Product_2775,Home,702.38
2776,Product_2776,Sports,838.88
2777,Product_2777,Electronics,1740.88
2778,Product_2778,Fashion,1497.88
2779,Product_2779,Books,1858.02
2780,Product_2780,Beauty,1557.06
2781,Product_2781,Sports,117.71
2782,Product_2782,Books,91.95
2783,Product_2783,Books,1134.18
2784,Product_2784,Home,1009.78
2785,Product_2785,Fashion,314.86
2786,Product_2786,Beauty,1465.84
2787,Product_2787,Sports,1942.37
2788,Product_2788,Books,1154.76
2789,Product_2789,Electronics,451.95
2790,Product_2790,Home,1574.87
2791,Product_2791,Fashion,273.06
2792,Product_2792,Electronics,956.95
2793,Product_2793,Beauty,108.13
2794,Product_2794,Sports,532.49
2795,Product_2795,Sports,1008.63
2796,Product_2796,Beauty,269.45
2797,Product_2797,Fashion,967.04
2798,Product_2798,Fashion,980.84
2799,Product_2799,Beauty,1146.95
2800,Product_2800,Books,1235.83
2801,Product_2801,Beauty,1053.25
2802,Product_2802,Fashion,152.57
2803,Product_2803,Sports,653.59
2804,Product_2804,Books,188.29
2805,Product_2805,Beauty,833.03
2806,Product_2806,Home,703.13
2807,Product_2807,Home,695.6
2808,Product_2808,Beauty,58.17
2809,Product_2809,Home,346.82
2810,Product_2810,Home,1236.28
2811,Product_2811,Sports,1250.13
2812,Product_2812,Sports,99.31
2813,Product_2813,Fashion,407.37
2814,Product_2814,Home,320.42
2815,Product_2815,Beauty,1707.0
2816,Product_2816,Electronics,1481.77
2817,Product_2817,Fashion,1898.39
2818,Product_2818,Fashion,1738.82
2819,Product_2819,Home,37.33
2820,Product_2820,Beauty,1610.52
2821,Product_2821,Home,905.62
2822,Product_2822,Electronics,670.43
2823,Product_2823,Beauty,1080.63
2824,Product_2824,Fashion,1097.38
2825,Product_2825,Home,1102.11
2826,Product_2826,Books,1462.55
2827,Product_2827,Fashion,1393.19
2828,Product_2828,Beauty,46.59
2829,Product_2829,Books,1813.02
2830,Product_2830,Books,96.53
2831,Product_2831,Fashion,129.62
2832,Product_2832,Fashion,1580.49
2833,Product_2833,Books,549.85
2834,Product_2834,Sports,1312.97
2835,Product_2835,Electronics,142.53
2836,Product_2836,Beauty,549.91
2837,Product_2837,Beauty,726.84
2838,Product_2838,Electronics,47.97
2839,Product_2839,Beauty,779.18
2840,Product_2840,Sports,1022.0
2841,Product_2841,Beauty,208.21
2842,Product_2842,Home,974.48
2843,Product_2843,Books,1067.81
2844,Product_2844,Fashion,405.76
2845,Product_2845,Sports,1125.77
2846,Product_2846,Beauty,52.76
2847,Product_2847,Fashion,1845.32
2848,Product_2848,Home,673.8
2849,Product_2849,Sports,1491.34
2850,Product_2850,Electronics,700.09
2851,Product_2851,Home,717.2
2852,Product_2852,Home,480.05
2853,Product_2853,Books,559.0
2854,Product_2854,Electronics,1255.33
2855,Product_2855,Sports,1781.9
2856,Product_2856,Electronics,1888.83
2857,Product_2857,Home,458.91
2858,Product_2858,Home,1795.38
2859,Product_2859,Beauty,283.15
2860,Product_2860,Beauty,770.59
2861,Product_2861,Beauty,1228.77
2862,Product_2862,Beauty,1376.18
2863,Product_2863,Sports,488.32
2864,Product_2864,Fashion,858.67
2865,Product_2865,Home,1820.37
2866,Product_2866,Home,903.85
2867,Product_2867,Fashion,421.45
2868,Product_2868,Fashion,1166.25
2869,Product_2869,Beauty,1602.21
2870,Product_2870,Fashion,624.91
2871,Product_2871,Beauty,1798.3
2872,Product_2872,Fashion,865.83
2873,Product_2873,Fashion,1315.9
2874,Product_2874,Books,1835.05
2875,Product_2875,Home,144.95
2876,Product_2876,Books,1897.72
2877,Product_2877,Electronics,376.43
2878,Product_2878,Fashion,1456.89
2879,Product_2879,Home,1761.46
2880,Product_2880,Sports,1922.78
2881,Product_2881,Home,891.58
2882,Product_2882,Beauty,1867.17
2883,Product_2883,Home,312.39
2884,Product_2884,Fashion,222.48
2885,Product_2885,Fashion,62.13
2886,Product_2886,Books,1237.72
2887,Product_2887,Books,1138.42
2888,Product_2888,Fashion,1196.76
2889,Product_2889,Fashion,1377.88
2890,Product_2890,Home,168.16
2891,Product_2891,Sports,276.83
2892,Product_2892,Books,942.84
2893,Product_2893,Beauty,754.18
2894,Product_2894,Sports,987.98
2895,Product_2895,Fashion,335.93
2896,Product_2896,Fashion,74.14
2897,Product_2897,Electronics,1851.62
2898,Product_2898,Sports,452.88
2899,Product_2899,Beauty,1976.6
2900,Product_2900,Fashion,141.61
2901,Product_2901,Sports,1735.59
2902,Product_2902,Sports,1378.85
2903,Product_2903,Sports,1776.3
2904,Product_2904,Sports,815.68
2905,Product_2905,Electronics,1219.78
2906,Product_2906,Sports,1443.2
2907,Product_2907,Sports,1226.89
2908,Product_2908,Beauty,1148.15
2909,Product_2909,Books,1055.21
2910,Product_2910,Beauty,1575.97
2911,Product_2911,Books,227.54
2912,Product_2912,Sports,1655.75
2913,Product_2913,Electronics,1756.78
2914,Product_2914,Fashion,1042.22
2915,Product_2915,Sports,1967.82
2916,Product_2916,Electronics,1119.82
2917,Product_2917,Books,1532.67
2918,Product_2918,Electronics,387.8
2919,Product_2919,Sports,802.1
2920,Product_2920,Home,1549.62
2921,Product_2921,Home,928.08
2922,Product_2922,Sports,595.9
2923,Product_2923,Electronics,1383.01
2924,Product_2924,Fashion,932.52
2925,Product_2925,Beauty,908.88
2926,Product_2926,Beauty,1006.31
2927,Product_2927,Fashion,1559.67
2928,Product_2928,Beauty,1097.35
2929,Product_2929,Sports,832.98
2930,Product_2930,Sports,59.58
2931,Product_2931,Sports,1184.73
2932,Product_2932,Beauty,1792.63
2933,Product_2933,Sports,189.46
2934,Product_2934,Home,1386.52
2935,Product_2935,Beauty,1595.01
2936,Product_2936,Beauty,1469.19
2937,Product_2937,Electronics,237.19
2938,Product_2938,Sports,1271.8
2939,Product_2939,Electronics,1052.4
2940,Product_2940,Sports,1456.48
2941,Product_2941,Books,1228.02
2942,Product_2942,Fashion,763.57
2943,Product_2943,Sports,97.37
2944,Product_2944,Fashion,1825.38
2945,Product_2945,Books,1743.9
2946,Product_2946,Fashion,332.63
2947,Product_2947,Fashion,365.94
2948,Product_2948,Beauty,112.11
2949,Product_2949,Home,625.94
2950,Product_2950,Sports,584.67
2951,Product_2951,Fashion,243.93
2952,Product_2952,Fashion,1921.26
2953,Product_2953,Electronics,1248.9
2954,Product_2954,Home,34.29
2955,Product_2955,Sports,1712.27
2956,Product_2956,Books,1616.83
2957,Product_2957,Books,1766.58
2958,Product_2958,Fashion,441.58
2959,Product_2959,Beauty,956.67
2960,Product_2960,Sports,889.33
2961,Product_2961,Books,1204.2
2962,Product_2962,Fashion,1765.51
2963,Product_2963,Home,1243.33
2964,Product_2964,Books,1642.04
2965,Product_2965,Fashion,107.35
2966,Product_2966,Fashion,119.58
2967,Product_2967,Home,83.07
2968,Product_2968,Electronics,1337.32
2969,Product_2969,Books,603.9
2970,Product_2970,Electronics,107.57
2971,Product_2971,Sports,1987.53
2972,Product_2972,Fashion,1347.46
2973,Product_2973,Books,1325.24
2974,Product_2974,Beauty,1193.99
2975,Product_2975,Books,363.06
2976,Product_2976,Sports,1501.18
2977,Product_2977,Home,1863.64
2978,Product_2978,Electronics,1539.34
2979,Product_2979,Home,743.45
2980,Product_2980,Sports,1642.33
2981,Product_2981,Sports,1688.19
2982,Product_2982,Electronics,592.74
2983,Product_2983,Fashion,252.83
2984,Product_2984,Home,665.12
2985,Product_2985,Sports,1054.05
2986,Product_2986,Beauty,426.01
2987,Product_2987,Electronics,227.51
2988,Product_2988,Beauty,1958.91
2989,Product_2989,Books,1974.51
2990,Product_2990,Sports,1450.91
2991,Product_2991,Books,1868.44
2992,Product_2992,Beauty,581.5
2993,Product_2993,Books,1697.12
2994,Product_2994,Home,1055.53
2995,Product_2995,Books,714.17
2996,Product_2996,Fashion,1232.44
2997,Product_2997,Sports,1044.21
2998,Product_2998,Beauty,1000.5
2999,Product_2999,Fashion,1768.49
3000,Product_3000,Fashion,1420.09
